Account Name,Account Executive,Account Executive Email,System Engineer,System Engineer Email,Theater,Region,Sub-Region,Vertical,Last Sales,Account Type,Country,State,City,Street,Active Cluster Count,Node Count (Operational),VM Count,Latitude,Longitude
Apex Insurance San Francisco,Riley Young,riley.young@nutanix.com,Chris Gray,chris.gray@nutanix.com,AMER,North America,US West,Insurance,110000,Customer,USA,CA,San Francisco,1025 High St,6,18,810,37.79286,-122.38765
Skyline Telecom San Francisco,Emerson Bailey,emerson.bailey@nutanix.com,Riley Young,riley.young@nutanix.com,AMER,North America,US West,Telecom,2950000,Customer,USA,CA,San Francisco,1704 Park Ave,7,49,784,37.75648,-122.45539
Metro Healthcare San Francisco,Riley Young,riley.young@nutanix.com,Jordan Gomez,jordan.gomez@nutanix.com,AMER,North America,US West,Healthcare,790000,Customer,USA,CA,San Francisco,1309 Marina Blvd,8,56,1624,37.75131,-122.37941
Granite Hospitality San Francisco,Blake Brown,blake.brown@nutanix.com,Sam Kim,sam.kim@nutanix.com,AMER,North America,US West,Hospitality,1480000,Customer,USA,CA,San Francisco,309 Grand Ave,4,24,672,37.78527,-122.3975
Nimbus Media San Francisco,Rowan Park,rowan.park@nutanix.com,Jamie Mercer,jamie.mercer@nutanix.com,AMER,North America,US West,Media,270000,Customer,USA,CA,San Francisco,1525 Harbor Blvd,10,70,2660,37.78456,-122.40561
Pioneer Biotech San Francisco,Emerson Bailey,emerson.bailey@nutanix.com,Casey Hughes,casey.hughes@nutanix.com,AMER,North America,US West,Biotech,1810000,Prospect,USA,CA,San Francisco,1187 Summit Ave,3,24,1056,37.78407,-122.38166
Trident Biotech San Francisco,Alex Flores,alex.flores@nutanix.com,Blake Brown,blake.brown@nutanix.com,AMER,North America,US West,Biotech,2510000,Customer,USA,CA,San Francisco,86 King St,7,42,1470,37.77963,-122.42243
Pulse Telecom San Francisco,Skylar Foster,skylar.foster@nutanix.com,Jordan Gomez,jordan.gomez@nutanix.com,AMER,North America,US West,Telecom,680000,Customer,USA,CA,San Francisco,121 Queen St,8,56,1680,37.79127,-122.40063
Catalyst Logistics San Francisco,Cameron Morgan,cameron.morgan@nutanix.com,Taylor Turner,taylor.turner@nutanix.com,AMER,North America,US West,Logistics,650000,Customer,USA,CA,San Francisco,1340 Queen St,12,60,1980,37.7552,-122.43531
Tideway Telecom San Francisco,Robin Shah,robin.shah@nutanix.com,Quinn Nguyen,quinn.nguyen@nutanix.com,AMER,North America,US West,Telecom,2790000,Prospect,USA,CA,San Francisco,1943 Market St,3,18,810,37.79847,-122.43778
Harbor Consumer San Francisco,Jordan Gomez,jordan.gomez@nutanix.com,Taylor Turner,taylor.turner@nutanix.com,AMER,North America,US West,Consumer Goods,2340000,Prospect,USA,CA,San Francisco,621 Harbor Blvd,12,60,1740,37.75018,-122.44325
Horizon Consumer San Francisco,Blake Brown,blake.brown@nutanix.com,Rowan Park,rowan.park@nutanix.com,AMER,North America,US West,Consumer Goods,360000,Prospect,USA,CA,San Francisco,801 Queen St,10,70,2870,37.74493,-122.4017
Vector Technology San Francisco,Robin Shah,robin.shah@nutanix.com,Jordan Gomez,jordan.gomez@nutanix.com,AMER,North America,US West,Technology,1140000,Customer,USA,CA,San Francisco,1340 Market St,5,35,700,37.78565,-122.38249
Pulse Media San Francisco,Dakota Patel,dakota.patel@nutanix.com,Leslie Lin,leslie.lin@nutanix.com,AMER,North America,US West,Media,860000,Customer,USA,CA,San Francisco,1478 Queen St,1,4,88,37.76656,-122.4136
Orbit Consumer Los Angeles,Robin Shah,robin.shah@nutanix.com,Sam Kim,sam.kim@nutanix.com,AMER,North America,US West,Consumer Goods,2350000,Customer,USA,CA,Los Angeles,1148 Broadway,10,60,2640,34.02894,-118.23129
Sequoia Healthcare Los Angeles,Elliot Sullivan,elliot.sullivan@nutanix.com,Ryan Diaz,ryan.diaz@nutanix.com,AMER,North America,US West,Healthcare,510000,Customer,USA,CA,Los Angeles,1291 Technology Dr,3,15,345,34.04064,-118.22393
Beacon Technology Los Angeles,Kendall Carter,kendall.carter@nutanix.com,Drew Bennett,drew.bennett@nutanix.com,AMER,North America,US West,Technology,1750000,Prospect,USA,CA,Los Angeles,1406 King St,6,30,1230,34.02389,-118.27541
Aurora Healthcare Los Angeles,Dakota Patel,dakota.patel@nutanix.com,Drew Bennett,drew.bennett@nutanix.com,AMER,North America,US West,Healthcare,780000,Customer,USA,CA,Los Angeles,2010 Lincoln St,10,30,750,34.03808,-118.23241
Brightline Logistics Los Angeles,Ryan Diaz,ryan.diaz@nutanix.com,Jordan Gomez,jordan.gomez@nutanix.com,AMER,North America,US West,Logistics,390000,Customer,USA,CA,Los Angeles,1545 Main St,12,36,1224,34.0736,-118.27554
Vector Retail Los Angeles,Parker Ellis,parker.ellis@nutanix.com,Harper Foley,harper.foley@nutanix.com,AMER,North America,US West,Retail,380000,Prospect,USA,CA,Los Angeles,1623 George St,4,20,680,34.05684,-118.27668
Nimbus Education Los Angeles,Robin Shah,robin.shah@nutanix.com,Blake Brown,blake.brown@nutanix.com,AMER,North America,US West,Education,940000,Customer,USA,CA,Los Angeles,2187 Summit Ave,5,20,740,34.06337,-118.2563
Pulse Media Los Angeles,Emerson Bailey,emerson.bailey@nutanix.com,Blake Brown,blake.brown@nutanix.com,AMER,North America,US West,Media,2940000,Prospect,USA,CA,Los Angeles,809 George St,11,66,1518,34.04391,-118.234
Tideway Biotech Los Angeles,Finley Reed,finley.reed@nutanix.com,Sawyer Hall,sawyer.hall@nutanix.com,AMER,North America,US West,Biotech,730000,Customer,USA,CA,Los Angeles,313 Orchard Rd,9,63,1197,34.0444,-118.24018
Apex Retail Los Angeles,Riley Young,riley.young@nutanix.com,Parker Ellis,parker.ellis@nutanix.com,AMER,North America,US West,Retail,1730000,Prospect,USA,CA,Los Angeles,390 High St,3,9,207,34.063,-118.2088
Metro Consumer Seattle,Avery Johnson,avery.johnson@nutanix.com,Riley Young,riley.young@nutanix.com,AMER,North America,US West,Consumer Goods,1330000,Customer,USA,WA,Seattle,965 Grand Ave,11,55,2145,47.60226,-122.35581
Riverstone Public Seattle,Drew Bennett,drew.bennett@nutanix.com,Harper Foley,harper.foley@nutanix.com,AMER,North America,US West,Public Sector,730000,Customer,USA,WA,Seattle,2321 Commerce St,2,8,224,47.6197,-122.32476
Onyx Manufacturing Seattle,Harper Foley,harper.foley@nutanix.com,Avery Johnson,avery.johnson@nutanix.com,AMER,North America,US West,Manufacturing,2860000,Customer,USA,WA,Seattle,1299 Queen St,12,84,3696,47.62566,-122.34524
Lumen Retail Seattle,Jordan Gomez,jordan.gomez@nutanix.com,Hayden Price,hayden.price@nutanix.com,AMER,North America,US West,Retail,330000,Customer,USA,WA,Seattle,1377 Queen St,8,56,2296,47.60599,-122.3401
Sequoia Retail Seattle,Cameron Morgan,cameron.morgan@nutanix.com,Parker Ellis,parker.ellis@nutanix.com,AMER,North America,US West,Retail,2290000,Prospect,USA,WA,Seattle,2353 Lincoln St,1,4,172,47.62843,-122.30144
Cinder Insurance Seattle,Kendall Carter,kendall.carter@nutanix.com,Leslie Lin,leslie.lin@nutanix.com,AMER,North America,US West,Insurance,1630000,Customer,USA,WA,Seattle,1218 Grand Ave,11,77,3080,47.59627,-122.30093
Vertex Retail Seattle,Skylar Foster,skylar.foster@nutanix.com,Jamie Mercer,jamie.mercer@nutanix.com,AMER,North America,US West,Retail,300000,Customer,USA,WA,Seattle,1650 Grand Ave,8,48,1824,47.61203,-122.33672
Summit Education Seattle,Chris Gray,chris.gray@nutanix.com,Hayden Price,hayden.price@nutanix.com,AMER,North America,US West,Education,510000,Customer,USA,WA,Seattle,2269 Innovation Way,11,55,1815,47.61502,-122.30975
Vector Biotech Seattle,Leslie Lin,leslie.lin@nutanix.com,Jamie Mercer,jamie.mercer@nutanix.com,AMER,North America,US West,Biotech,680000,Customer,USA,WA,Seattle,1950 Commerce St,8,24,408,47.62858,-122.32321
Nimbus Insurance Seattle,Alex Flores,alex.flores@nutanix.com,Kendall Carter,kendall.carter@nutanix.com,AMER,North America,US West,Insurance,1600000,Prospect,USA,WA,Seattle,1761 Park Ave,5,20,460,47.61361,-122.34757
Vector Retail Seattle,Ryan Diaz,ryan.diaz@nutanix.com,Leslie Lin,leslie.lin@nutanix.com,AMER,North America,US West,Retail,540000,Customer,USA,WA,Seattle,379 King St,7,21,945,47.61929,-122.34661
Cinder Public Seattle,Alex Flores,alex.flores@nutanix.com,Chris Gray,chris.gray@nutanix.com,AMER,North America,US West,Public Sector,1180000,Prospect,USA,WA,Seattle,1636 Orchard Rd,9,63,1386,47.61139,-122.30569
Quantum Public Seattle,Logan Cruz,logan.cruz@nutanix.com,Sam Kim,sam.kim@nutanix.com,AMER,North America,US West,Public Sector,2930000,Prospect,USA,WA,Seattle,1294 King St,4,28,560,47.59337,-122.29856
Catalyst Education Seattle,Harper Foley,harper.foley@nutanix.com,Robin Shah,robin.shah@nutanix.com,AMER,North America,US West,Education,560000,Prospect,USA,WA,Seattle,137 Marina Blvd,9,27,486,47.63518,-122.29288
Acme Hospitality Seattle,Harper Foley,harper.foley@nutanix.com,Casey Hughes,casey.hughes@nutanix.com,AMER,North America,US West,Hospitality,570000,Customer,USA,WA,Seattle,2233 Market St,5,30,1050,47.60814,-122.3058
Cobalt Retail Seattle,Elliot Sullivan,elliot.sullivan@nutanix.com,Parker Ellis,parker.ellis@nutanix.com,AMER,North America,US West,Retail,470000,Prospect,USA,WA,Seattle,2302 King St,12,96,2688,47.61533,-122.31312
Harbor Public Denver,Alex Flores,alex.flores@nutanix.com,Morgan White,morgan.white@nutanix.com,AMER,North America,US West,Public Sector,2450000,Customer,USA,CO,Denver,328 Elizabeth St,3,9,216,39.73577,-105.0219
Apex Biotech Denver,Taylor Turner,taylor.turner@nutanix.com,Finley Reed,finley.reed@nutanix.com,AMER,North America,US West,Biotech,2190000,Customer,USA,CO,Denver,2335 Industrial Pkwy,9,45,1035,39.74871,-104.95639
Cardinal Media Denver,Parker Ellis,parker.ellis@nutanix.com,Rowan Park,rowan.park@nutanix.com,AMER,North America,US West,Media,1960000,Prospect,USA,CO,Denver,1499 Broadway,9,27,567,39.72136,-104.97635
Summit Healthcare Denver,Jordan Gomez,jordan.gomez@nutanix.com,Chris Gray,chris.gray@nutanix.com,AMER,North America,US West,Healthcare,250000,Customer,USA,CO,Denver,1096 Technology Dr,1,7,294,39.73573,-105.00741
Lattice Hospitality Denver,Riley Young,riley.young@nutanix.com,Taylor Turner,taylor.turner@nutanix.com,AMER,North America,US West,Hospitality,1270000,Customer,USA,CO,Denver,544 George St,4,16,400,39.71685,-104.96012
Trident Telecom Denver,Sam Kim,sam.kim@nutanix.com,Dakota Patel,dakota.patel@nutanix.com,AMER,North America,US West,Telecom,2890000,Customer,USA,CO,Denver,1980 Summit Ave,8,56,1736,39.76706,-105.02745
Horizon Media Denver,Elliot Sullivan,elliot.sullivan@nutanix.com,Chris Gray,chris.gray@nutanix.com,AMER,North America,US West,Media,1510000,Customer,USA,CO,Denver,383 Main St,1,7,266,39.75775,-104.95162
Orbit Energy Denver,Elliot Sullivan,elliot.sullivan@nutanix.com,Morgan White,morgan.white@nutanix.com,AMER,North America,US West,Energy,770000,Prospect,USA,CO,Denver,595 George St,3,18,450,39.76097,-104.95685
Onyx Healthcare Denver,Drew Bennett,drew.bennett@nutanix.com,Chris Gray,chris.gray@nutanix.com,AMER,North America,US West,Healthcare,2840000,Prospect,USA,CO,Denver,1236 Harbor Blvd,8,32,864,39.75353,-104.96092
Nimbus Technology Denver,Kendall Carter,kendall.carter@nutanix.com,Dakota Patel,dakota.patel@nutanix.com,AMER,North America,US West,Technology,1250000,Customer,USA,CO,Denver,369 Orchard Rd,11,77,3388,39.72552,-104.98496
Pulse Healthcare Denver,Hayden Price,hayden.price@nutanix.com,Chris Gray,chris.gray@nutanix.com,AMER,North America,US West,Healthcare,1110000,Customer,USA,CO,Denver,1779 Commerce St,4,24,552,39.71447,-104.97228
Cardinal Retail Denver,Casey Hughes,casey.hughes@nutanix.com,Sawyer Hall,sawyer.hall@nutanix.com,AMER,North America,US West,Retail,810000,Customer,USA,CO,Denver,1220 High St,7,56,1456,39.76289,-104.99662
Vertex Public Denver,Harper Foley,harper.foley@nutanix.com,Dakota Patel,dakota.patel@nutanix.com,AMER,North America,US West,Public Sector,1450000,Prospect,USA,CO,Denver,613 Broadway,7,56,1176,39.73625,-104.96181
Summit Consumer Denver,Hayden Price,hayden.price@nutanix.com,Ryan Diaz,ryan.diaz@nutanix.com,AMER,North America,US West,Consumer Goods,790000,Customer,USA,CO,Denver,2134 Broadway,8,40,1640,39.75612,-104.98306
Atlas Energy Denver,Casey Hughes,casey.hughes@nutanix.com,Taylor Turner,taylor.turner@nutanix.com,AMER,North America,US West,Energy,2020000,Customer,USA,CO,Denver,1623 Innovation Way,5,40,760,39.73388,-104.9765
Trident Public Phoenix,Jordan Gomez,jordan.gomez@nutanix.com,Elliot Sullivan,elliot.sullivan@nutanix.com,AMER,North America,US West,Public Sector,2460000,Prospect,USA,AZ,Phoenix,440 Summit Ave,8,48,2112,33.44794,-112.04178
Catalyst Finance Phoenix,Reese Lee,reese.lee@nutanix.com,Jordan Gomez,jordan.gomez@nutanix.com,AMER,North America,US West,Finance,2940000,Customer,USA,AZ,Phoenix,1454 Market St,2,10,300,33.46409,-112.04124
Falcon Energy Phoenix,Alex Flores,alex.flores@nutanix.com,Chris Gray,chris.gray@nutanix.com,AMER,North America,US West,Energy,340000,Prospect,USA,AZ,Phoenix,889 Main St,4,20,520,33.47206,-112.08565
Vertex Insurance Phoenix,Logan Cruz,logan.cruz@nutanix.com,Ryan Diaz,ryan.diaz@nutanix.com,AMER,North America,US West,Insurance,240000,Customer,USA,AZ,Phoenix,835 Marina Blvd,6,18,630,33.42709,-112.11211
Aurora Technology Phoenix,Harper Foley,harper.foley@nutanix.com,Blake Brown,blake.brown@nutanix.com,AMER,North America,US West,Technology,2870000,Customer,USA,AZ,Phoenix,2371 King St,8,40,1520,33.47426,-112.08516
Cardinal Energy Phoenix,Parker Ellis,parker.ellis@nutanix.com,Taylor Turner,taylor.turner@nutanix.com,AMER,North America,US West,Energy,2270000,Customer,USA,AZ,Phoenix,780 Park Ave,10,60,1620,33.44661,-112.09329
Brightline Technology Phoenix,Chris Gray,chris.gray@nutanix.com,Parker Ellis,parker.ellis@nutanix.com,AMER,North America,US West,Technology,1690000,Customer,USA,AZ,Phoenix,1465 Station Rd,6,18,324,33.46519,-112.05696
Meridian Insurance Phoenix,Cameron Morgan,cameron.morgan@nutanix.com,Blake Brown,blake.brown@nutanix.com,AMER,North America,US West,Insurance,1880000,Customer,USA,AZ,Phoenix,831 King St,8,48,1728,33.42241,-112.11144
Nimbus Consumer Phoenix,Riley Young,riley.young@nutanix.com,Sawyer Hall,sawyer.hall@nutanix.com,AMER,North America,US West,Consumer Goods,2570000,Customer,USA,AZ,Phoenix,1376 Harbor Blvd,11,66,2178,33.47809,-112.08971
Pulse Logistics Phoenix,Taylor Turner,taylor.turner@nutanix.com,Sam Kim,sam.kim@nutanix.com,AMER,North America,US West,Logistics,2420000,Customer,USA,AZ,Phoenix,804 King St,1,5,160,33.43421,-112.11061
Nimbus Technology Phoenix,Riley Young,riley.young@nutanix.com,Blake Brown,blake.brown@nutanix.com,AMER,North America,US West,Technology,2240000,Prospect,USA,AZ,Phoenix,1641 Main St,7,21,462,33.4451,-112.10149
Sequoia Public Phoenix,Jamie Mercer,jamie.mercer@nutanix.com,Jamie Mercer,jamie.mercer@nutanix.com,AMER,North America,US West,Public Sector,510000,Customer,USA,AZ,Phoenix,1873 Marina Blvd,12,84,1260,33.43379,-112.11145
Pulse Education Phoenix,Riley Young,riley.young@nutanix.com,Drew Bennett,drew.bennett@nutanix.com,AMER,North America,US West,Education,2400000,Prospect,USA,AZ,Phoenix,1392 High St,12,72,1368,33.45534,-112.09799
Harbor Energy Phoenix,Riley Young,riley.young@nutanix.com,Chris Gray,chris.gray@nutanix.com,AMER,North America,US West,Energy,1540000,Prospect,USA,AZ,Phoenix,1450 Broadway,2,12,540,33.47213,-112.07224
Onyx Media Austin,Dakota Patel,dakota.patel@nutanix.com,Casey Hughes,casey.hughes@nutanix.com,AMER,North America,US Central,Media,260000,Customer,USA,TX,Austin,2037 King St,8,24,840,30.26787,-97.72844
Sequoia Public Austin,Kendall Carter,kendall.carter@nutanix.com,Casey Hughes,casey.hughes@nutanix.com,AMER,North America,US Central,Public Sector,2280000,Customer,USA,TX,Austin,1573 King St,11,77,1232,30.24831,-97.72849
Apex Biotech Austin,Rowan Park,rowan.park@nutanix.com,Morgan White,morgan.white@nutanix.com,AMER,North America,US Central,Biotech,3000000,Customer,USA,TX,Austin,521 Elizabeth St,6,42,1764,30.27521,-97.75096
Horizon Retail Austin,Alex Flores,alex.flores@nutanix.com,Sam Kim,sam.kim@nutanix.com,AMER,North America,US Central,Retail,680000,Customer,USA,TX,Austin,1074 Market St,10,50,2050,30.28713,-97.74457
Delta Public Austin,Chris Gray,chris.gray@nutanix.com,Leslie Lin,leslie.lin@nutanix.com,AMER,North America,US Central,Public Sector,940000,Prospect,USA,TX,Austin,1475 Innovation Way,12,36,1044,30.27871,-97.73559
Stratus Telecom Austin,Jordan Gomez,jordan.gomez@nutanix.com,Parker Ellis,parker.ellis@nutanix.com,AMER,North America,US Central,Telecom,180000,Prospect,USA,TX,Austin,1529 Peachtree St,8,48,1152,30.26525,-97.75169
Ironclad Biotech Austin,Reese Lee,reese.lee@nutanix.com,Reese Lee,reese.lee@nutanix.com,AMER,North America,US Central,Biotech,540000,Customer,USA,TX,Austin,2310 Summit Ave,5,15,375,30.25572,-97.73347
Cinder Insurance Austin,Hayden Price,hayden.price@nutanix.com,Sawyer Hall,sawyer.hall@nutanix.com,AMER,North America,US Central,Insurance,260000,Prospect,USA,TX,Austin,1232 Station Rd,7,42,1470,30.27042,-97.77939
Cinder Education Austin,Casey Hughes,casey.hughes@nutanix.com,Logan Cruz,logan.cruz@nutanix.com,AMER,North America,US Central,Education,160000,Customer,USA,TX,Austin,1382 Orchard Rd,5,30,1020,30.24245,-97.74598
Beacon Technology Austin,Riley Young,riley.young@nutanix.com,Quinn Nguyen,quinn.nguyen@nutanix.com,AMER,North America,US Central,Technology,1610000,Prospect,USA,TX,Austin,2337 George St,10,60,1740,30.28993,-97.76214
Ironclad Telecom Austin,Jordan Gomez,jordan.gomez@nutanix.com,Leslie Lin,leslie.lin@nutanix.com,AMER,North America,US Central,Telecom,2590000,Customer,USA,TX,Austin,369 Broadway,11,88,3696,30.26068,-97.70464
Acme Healthcare Austin,Kendall Carter,kendall.carter@nutanix.com,Riley Young,riley.young@nutanix.com,AMER,North America,US Central,Healthcare,320000,Customer,USA,TX,Austin,1258 Church St,8,40,680,30.28596,-97.76706
Horizon Telecom Austin,Blake Brown,blake.brown@nutanix.com,Leslie Lin,leslie.lin@nutanix.com,AMER,North America,US Central,Telecom,2870000,Prospect,USA,TX,Austin,1287 King St,1,7,224,30.29105,-97.72846
Catalyst Technology Dallas,Sawyer Hall,sawyer.hall@nutanix.com,Riley Young,riley.young@nutanix.com,AMER,North America,US Central,Technology,2780000,Customer,USA,TX,Dallas,898 Broadway,4,12,468,32.75232,-96.82505
Cobalt Retail Dallas,Jordan Gomez,jordan.gomez@nutanix.com,Alex Flores,alex.flores@nutanix.com,AMER,North America,US Central,Retail,1630000,Customer,USA,TX,Dallas,1782 High St,11,88,2200,32.78301,-96.78184
Delta Biotech Dallas,Parker Ellis,parker.ellis@nutanix.com,Kendall Carter,kendall.carter@nutanix.com,AMER,North America,US Central,Biotech,140000,Customer,USA,TX,Dallas,1138 Station Rd,11,44,1716,32.77131,-96.76385
Vertex Retail Dallas,Jamie Mercer,jamie.mercer@nutanix.com,Avery Johnson,avery.johnson@nutanix.com,AMER,North America,US Central,Retail,2230000,Customer,USA,TX,Dallas,1935 Industrial Pkwy,9,27,1188,32.75139,-96.82616
Monarch Healthcare Dallas,Jordan Gomez,jordan.gomez@nutanix.com,Chris Gray,chris.gray@nutanix.com,AMER,North America,US Central,Healthcare,850000,Customer,USA,TX,Dallas,1044 Broadway,11,66,2640,32.77451,-96.76561
Granite Public Dallas,Cameron Morgan,cameron.morgan@nutanix.com,Drew Bennett,drew.bennett@nutanix.com,AMER,North America,US Central,Public Sector,2970000,Customer,USA,TX,Dallas,1619 Park Ave,2,14,546,32.79114,-96.77661
Lumen Telecom Dallas,Leslie Lin,leslie.lin@nutanix.com,Chris Gray,chris.gray@nutanix.com,AMER,North America,US Central,Telecom,100000,Customer,USA,TX,Dallas,285 Harbor Blvd,3,18,630,32.75238,-96.83524
Acme Insurance Dallas,Jamie Mercer,jamie.mercer@nutanix.com,Kendall Carter,kendall.carter@nutanix.com,AMER,North America,US Central,Insurance,130000,Customer,USA,TX,Dallas,705 Peachtree St,5,30,510,32.75323,-96.82088
Lattice Insurance Dallas,Alex Flores,alex.flores@nutanix.com,Rowan Park,rowan.park@nutanix.com,AMER,North America,US Central,Insurance,2630000,Prospect,USA,TX,Dallas,1134 Market St,6,30,1140,32.77516,-96.80639
Horizon Consumer Dallas,Hayden Price,hayden.price@nutanix.com,Sam Kim,sam.kim@nutanix.com,AMER,North America,US Central,Consumer Goods,2220000,Customer,USA,TX,Dallas,107 Market St,1,4,88,32.76567,-96.79108
Riverstone Logistics Dallas,Skylar Foster,skylar.foster@nutanix.com,Rowan Park,rowan.park@nutanix.com,AMER,North America,US Central,Logistics,1020000,Prospect,USA,TX,Dallas,881 Station Rd,10,40,1440,32.79214,-96.79842
Monarch Energy Dallas,Robin Shah,robin.shah@nutanix.com,Skylar Foster,skylar.foster@nutanix.com,AMER,North America,US Central,Energy,220000,Customer,USA,TX,Dallas,1392 Marina Blvd,8,32,768,32.78699,-96.79293
Riverstone Technology Dallas,Morgan White,morgan.white@nutanix.com,Drew Bennett,drew.bennett@nutanix.com,AMER,North America,US Central,Technology,2600000,Customer,USA,TX,Dallas,2028 Park Ave,8,56,1400,32.8033,-96.80767
Skyline Insurance Dallas,Harper Foley,harper.foley@nutanix.com,Dakota Patel,dakota.patel@nutanix.com,AMER,North America,US Central,Insurance,730000,Customer,USA,TX,Dallas,1943 Queen St,4,12,444,32.77596,-96.79464
Horizon Energy Dallas,Chris Gray,chris.gray@nutanix.com,Dakota Patel,dakota.patel@nutanix.com,AMER,North America,US Central,Energy,2480000,Customer,USA,TX,Dallas,1414 King St,7,28,1092,32.75952,-96.78305
Vertex Consumer Chicago,Logan Cruz,logan.cruz@nutanix.com,Hayden Price,hayden.price@nutanix.com,AMER,North America,US Central,Consumer Goods,240000,Customer,USA,IL,Chicago,2239 Lincoln St,6,36,1152,41.88122,-87.6158
Monarch Media Chicago,Casey Hughes,casey.hughes@nutanix.com,Casey Hughes,casey.hughes@nutanix.com,AMER,North America,US Central,Media,1730000,Prospect,USA,IL,Chicago,1990 High St,2,16,240,41.87792,-87.59613
Riverstone Retail Chicago,Robin Shah,robin.shah@nutanix.com,Hayden Price,hayden.price@nutanix.com,AMER,North America,US Central,Retail,2810000,Customer,USA,IL,Chicago,1445 High St,12,48,1344,41.8751,-87.65098
Lumen Technology Chicago,Parker Ellis,parker.ellis@nutanix.com,Finley Reed,finley.reed@nutanix.com,AMER,North America,US Central,Technology,1130000,Customer,USA,IL,Chicago,2077 King St,12,60,1140,41.86,-87.64712
Lattice Finance Chicago,Chris Gray,chris.gray@nutanix.com,Logan Cruz,logan.cruz@nutanix.com,AMER,North America,US Central,Finance,2070000,Prospect,USA,IL,Chicago,242 Elizabeth St,2,12,480,41.8807,-87.60147
Skyline Telecom Chicago,Cameron Morgan,cameron.morgan@nutanix.com,Blake Brown,blake.brown@nutanix.com,AMER,North America,US Central,Telecom,1820000,Customer,USA,IL,Chicago,124 Summit Ave,9,72,2160,41.89291,-87.60089
Pioneer Insurance Chicago,Hayden Price,hayden.price@nutanix.com,Reese Lee,reese.lee@nutanix.com,AMER,North America,US Central,Insurance,1280000,Prospect,USA,IL,Chicago,180 Grand Ave,11,77,2926,41.87734,-87.63828
Sequoia Consumer Chicago,Taylor Turner,taylor.turner@nutanix.com,Sam Kim,sam.kim@nutanix.com,AMER,North America,US Central,Consumer Goods,1230000,Prospect,USA,IL,Chicago,828 George St,5,20,300,41.89137,-87.59221
Brightline Finance Chicago,Jamie Mercer,jamie.mercer@nutanix.com,Reese Lee,reese.lee@nutanix.com,AMER,North America,US Central,Finance,1290000,Customer,USA,IL,Chicago,1803 Orchard Rd,6,24,816,41.86577,-87.64507
Catalyst Public Chicago,Taylor Turner,taylor.turner@nutanix.com,Reese Lee,reese.lee@nutanix.com,AMER,North America,US Central,Public Sector,2460000,Customer,USA,IL,Chicago,163 Queen St,8,48,2016,41.87653,-87.6467
Metro Retail Chicago,Cameron Morgan,cameron.morgan@nutanix.com,Emerson Bailey,emerson.bailey@nutanix.com,AMER,North America,US Central,Retail,2030000,Customer,USA,IL,Chicago,1209 High St,6,18,288,41.87192,-87.59361
Ironclad Telecom Chicago,Jamie Mercer,jamie.mercer@nutanix.com,Alex Flores,alex.flores@nutanix.com,AMER,North America,US Central,Telecom,2960000,Prospect,USA,IL,Chicago,910 Park Ave,7,49,882,41.88249,-87.64572
Pioneer Technology Chicago,Finley Reed,finley.reed@nutanix.com,Casey Hughes,casey.hughes@nutanix.com,AMER,North America,US Central,Technology,2880000,Customer,USA,IL,Chicago,1136 Grand Ave,6,42,1302,41.88393,-87.63165
Cobalt Manufacturing Minneapolis,Reese Lee,reese.lee@nutanix.com,Logan Cruz,logan.cruz@nutanix.com,AMER,North America,US Central,Manufacturing,890000,Customer,USA,MN,Minneapolis,766 Summit Ave,4,12,216,44.98932,-93.22699
Delta Healthcare Minneapolis,Jamie Mercer,jamie.mercer@nutanix.com,Elliot Sullivan,elliot.sullivan@nutanix.com,AMER,North America,US Central,Healthcare,1870000,Customer,USA,MN,Minneapolis,358 Station Rd,2,16,640,44.96602,-93.2331
Trident Hospitality Minneapolis,Dakota Patel,dakota.patel@nutanix.com,Logan Cruz,logan.cruz@nutanix.com,AMER,North America,US Central,Hospitality,800000,Customer,USA,MN,Minneapolis,1957 Queen St,9,45,810,44.95724,-93.25272
Cobalt Technology Minneapolis,Cameron Morgan,cameron.morgan@nutanix.com,Dakota Patel,dakota.patel@nutanix.com,AMER,North America,US Central,Technology,1340000,Customer,USA,MN,Minneapolis,1391 Congress Ave,10,70,1750,44.9728,-93.27945
Onyx Insurance Minneapolis,Blake Brown,blake.brown@nutanix.com,Avery Johnson,avery.johnson@nutanix.com,AMER,North America,US Central,Insurance,2070000,Customer,USA,MN,Minneapolis,527 George St,6,42,1218,44.95085,-93.23988
Riverstone Insurance Minneapolis,Rowan Park,rowan.park@nutanix.com,Sawyer Hall,sawyer.hall@nutanix.com,AMER,North America,US Central,Insurance,630000,Customer,USA,MN,Minneapolis,615 Technology Dr,4,12,228,44.99719,-93.24738
Meridian Insurance Minneapolis,Taylor Turner,taylor.turner@nutanix.com,Casey Hughes,casey.hughes@nutanix.com,AMER,North America,US Central,Insurance,370000,Customer,USA,MN,Minneapolis,1375 Main St,2,16,512,44.95633,-93.24461
Monarch Retail Minneapolis,Reese Lee,reese.lee@nutanix.com,Avery Johnson,avery.johnson@nutanix.com,AMER,North America,US Central,Retail,1680000,Prospect,USA,MN,Minneapolis,1247 State St,10,60,1380,45.00506,-93.27094
Delta Media Minneapolis,Blake Brown,blake.brown@nutanix.com,Hayden Price,hayden.price@nutanix.com,AMER,North America,US Central,Media,1040000,Customer,USA,MN,Minneapolis,1585 Elizabeth St,12,72,2736,44.95041,-93.27442
Quantum Manufacturing Minneapolis,Quinn Nguyen,quinn.nguyen@nutanix.com,Emerson Bailey,emerson.bailey@nutanix.com,AMER,North America,US Central,Manufacturing,2860000,Prospect,USA,MN,Minneapolis,1173 Queen St,4,12,240,44.95991,-93.2433
Cinder Manufacturing New York City,Reese Lee,reese.lee@nutanix.com,Dakota Patel,dakota.patel@nutanix.com,AMER,North America,US East,Manufacturing,1880000,Customer,USA,NY,New York City,907 Station Rd,10,40,600,40.69142,-74.02901
Quantum Telecom New York City,Alex Flores,alex.flores@nutanix.com,Dakota Patel,dakota.patel@nutanix.com,AMER,North America,US East,Telecom,240000,Customer,USA,NY,New York City,854 Park Ave,3,12,468,40.70477,-74.02512
Aurora Logistics New York City,Chris Gray,chris.gray@nutanix.com,Sam Kim,sam.kim@nutanix.com,AMER,North America,US East,Logistics,800000,Customer,USA,NY,New York City,492 Grand Ave,8,48,1200,40.69067,-73.98265
Onyx Manufacturing New York City,Dakota Patel,dakota.patel@nutanix.com,Riley Young,riley.young@nutanix.com,AMER,North America,US East,Manufacturing,590000,Customer,USA,NY,New York City,1523 Innovation Way,6,18,720,40.68825,-74.00721
Trident Manufacturing New York City,Sawyer Hall,sawyer.hall@nutanix.com,Riley Young,riley.young@nutanix.com,AMER,North America,US East,Manufacturing,2930000,Prospect,USA,NY,New York City,1816 Station Rd,7,56,1792,40.73034,-73.99223
Vertex Logistics New York City,Parker Ellis,parker.ellis@nutanix.com,Taylor Turner,taylor.turner@nutanix.com,AMER,North America,US East,Logistics,680000,Prospect,USA,NY,New York City,2277 Market St,8,64,960,40.73592,-74.02633
Beacon Logistics New York City,Reese Lee,reese.lee@nutanix.com,Cameron Morgan,cameron.morgan@nutanix.com,AMER,North America,US East,Logistics,1530000,Prospect,USA,NY,New York City,410 Industrial Pkwy,3,15,315,40.69853,-73.97615
Granite Education New York City,Riley Young,riley.young@nutanix.com,Ryan Diaz,ryan.diaz@nutanix.com,AMER,North America,US East,Education,1370000,Customer,USA,NY,New York City,991 Grand Ave,7,56,2296,40.69456,-74.03928
Skyline Logistics New York City,Cameron Morgan,cameron.morgan@nutanix.com,Chris Gray,chris.gray@nutanix.com,AMER,North America,US East,Logistics,2970000,Prospect,USA,NY,New York City,647 Main St,4,24,552,40.71837,-74.03489
Aurora Consumer New York City,Ryan Diaz,ryan.diaz@nutanix.com,Sam Kim,sam.kim@nutanix.com,AMER,North America,US East,Consumer Goods,2900000,Customer,USA,NY,New York City,1607 Station Rd,1,7,175,40.72634,-73.98161
Northstar Education New York City,Rowan Park,rowan.park@nutanix.com,Sawyer Hall,sawyer.hall@nutanix.com,AMER,North America,US East,Education,2940000,Customer,USA,NY,New York City,742 Market St,8,24,960,40.68586,-73.99034
Nimbus Healthcare New York City,Avery Johnson,avery.johnson@nutanix.com,Sam Kim,sam.kim@nutanix.com,AMER,North America,US East,Healthcare,1100000,Customer,USA,NY,New York City,1466 George St,4,12,396,40.72213,-73.98357
Sequoia Public New York City,Rowan Park,rowan.park@nutanix.com,Riley Young,riley.young@nutanix.com,AMER,North America,US East,Public Sector,1920000,Customer,USA,NY,New York City,1344 Orchard Rd,6,36,1008,40.71195,-73.98002
Metro Insurance New York City,Finley Reed,finley.reed@nutanix.com,Sam Kim,sam.kim@nutanix.com,AMER,North America,US East,Insurance,330000,Prospect,USA,NY,New York City,930 Harbor Blvd,2,10,160,40.70694,-73.96768
Lumen Education New York City,Leslie Lin,leslie.lin@nutanix.com,Leslie Lin,leslie.lin@nutanix.com,AMER,North America,US East,Education,790000,Customer,USA,NY,New York City,1980 Station Rd,7,21,924,40.6942,-73.99278
Vertex Media Boston,Robin Shah,robin.shah@nutanix.com,Sawyer Hall,sawyer.hall@nutanix.com,AMER,North America,US East,Media,610000,Customer,USA,MA,Boston,2268 Marina Blvd,3,12,336,42.38818,-71.06652
Atlas Consumer Boston,Jordan Gomez,jordan.gomez@nutanix.com,Hayden Price,hayden.price@nutanix.com,AMER,North America,US East,Consumer Goods,1410000,Customer,USA,MA,Boston,225 Queen St,12,36,1512,42.36416,-71.0693
Evergreen Insurance Boston,Leslie Lin,leslie.lin@nutanix.com,Reese Lee,reese.lee@nutanix.com,AMER,North America,US East,Insurance,2800000,Customer,USA,MA,Boston,1941 Innovation Way,6,36,612,42.35031,-71.03071
Trident Telecom Boston,Sam Kim,sam.kim@nutanix.com,Leslie Lin,leslie.lin@nutanix.com,AMER,North America,US East,Telecom,1850000,Prospect,USA,MA,Boston,783 Harbor Blvd,9,63,1260,42.37443,-71.06736
Evergreen Retail Boston,Skylar Foster,skylar.foster@nutanix.com,Parker Ellis,parker.ellis@nutanix.com,AMER,North America,US East,Retail,1110000,Customer,USA,MA,Boston,647 Park Ave,11,66,2112,42.38333,-71.0575
Onyx Technology Boston,Robin Shah,robin.shah@nutanix.com,Logan Cruz,logan.cruz@nutanix.com,AMER,North America,US East,Technology,1630000,Prospect,USA,MA,Boston,692 Harbor Blvd,11,55,1375,42.37707,-71.07885
Stratus Biotech Boston,Jamie Mercer,jamie.mercer@nutanix.com,Drew Bennett,drew.bennett@nutanix.com,AMER,North America,US East,Biotech,1880000,Customer,USA,MA,Boston,1395 Station Rd,10,30,960,42.3539,-71.05662
Brightline Technology Boston,Skylar Foster,skylar.foster@nutanix.com,Taylor Turner,taylor.turner@nutanix.com,AMER,North America,US East,Technology,360000,Prospect,USA,MA,Boston,459 Market St,6,48,1248,42.37119,-71.08353
Ironclad Hospitality Boston,Dakota Patel,dakota.patel@nutanix.com,Sawyer Hall,sawyer.hall@nutanix.com,AMER,North America,US East,Hospitality,2930000,Customer,USA,MA,Boston,1630 State St,1,4,60,42.34202,-71.04875
Bluewave Biotech Boston,Jamie Mercer,jamie.mercer@nutanix.com,Quinn Nguyen,quinn.nguyen@nutanix.com,AMER,North America,US East,Biotech,2070000,Customer,USA,MA,Boston,1887 Peachtree St,1,5,205,42.33231,-71.074
Quantum Consumer Boston,Finley Reed,finley.reed@nutanix.com,Avery Johnson,avery.johnson@nutanix.com,AMER,North America,US East,Consumer Goods,2210000,Customer,USA,MA,Boston,2160 Commerce St,1,4,68,42.34017,-71.05064
Ironclad Logistics Washington,Ryan Diaz,ryan.diaz@nutanix.com,Chris Gray,chris.gray@nutanix.com,AMER,North America,US East,Logistics,190000,Customer,USA,DC,Washington,1190 Lincoln St,4,32,960,38.89819,-77.03324
Brightline Biotech Washington,Rowan Park,rowan.park@nutanix.com,Leslie Lin,leslie.lin@nutanix.com,AMER,North America,US East,Biotech,2470000,Customer,USA,DC,Washington,894 Industrial Pkwy,7,35,1295,38.89197,-77.04572
Pinnacle Education Washington,Reese Lee,reese.lee@nutanix.com,Sam Kim,sam.kim@nutanix.com,AMER,North America,US East,Education,2050000,Customer,USA,DC,Washington,1882 Orchard Rd,12,36,1296,38.89504,-77.0424
Ironclad Public Washington,Jamie Mercer,jamie.mercer@nutanix.com,Quinn Nguyen,quinn.nguyen@nutanix.com,AMER,North America,US East,Public Sector,210000,Customer,USA,DC,Washington,1984 Harbor Blvd,4,16,624,38.90198,-77.04608
Northstar Education Washington,Finley Reed,finley.reed@nutanix.com,Jordan Gomez,jordan.gomez@nutanix.com,AMER,North America,US East,Education,2930000,Customer,USA,DC,Washington,1198 Main St,11,66,1782,38.89285,-77.05679
Apex Hospitality Washington,Leslie Lin,leslie.lin@nutanix.com,Taylor Turner,taylor.turner@nutanix.com,AMER,North America,US East,Hospitality,1000000,Prospect,USA,DC,Washington,1173 Broadway,11,66,2904,38.88142,-76.99771
Bluewave Finance Washington,Quinn Nguyen,quinn.nguyen@nutanix.com,Robin Shah,robin.shah@nutanix.com,AMER,North America,US East,Finance,2690000,Prospect,USA,DC,Washington,356 Grand Ave,7,21,945,38.90354,-77.01364
Pinnacle Healthcare Washington,Sawyer Hall,sawyer.hall@nutanix.com,Sam Kim,sam.kim@nutanix.com,AMER,North America,US East,Healthcare,580000,Customer,USA,DC,Washington,956 Industrial Pkwy,9,72,2088,38.8987,-77.01989
Cardinal Biotech Washington,Morgan White,morgan.white@nutanix.com,Taylor Turner,taylor.turner@nutanix.com,AMER,North America,US East,Biotech,1120000,Prospect,USA,DC,Washington,818 Grand Ave,4,28,1232,38.92321,-77.03389
Granite Telecom Washington,Jordan Gomez,jordan.gomez@nutanix.com,Ryan Diaz,ryan.diaz@nutanix.com,AMER,North America,US East,Telecom,2340000,Prospect,USA,DC,Washington,228 Technology Dr,6,18,738,38.89655,-77.00635
Orbit Public Washington,Blake Brown,blake.brown@nutanix.com,Ryan Diaz,ryan.diaz@nutanix.com,AMER,North America,US East,Public Sector,2340000,Customer,USA,DC,Washington,1521 Summit Ave,10,50,1050,38.89474,-77.01383
Trident Education Washington,Cameron Morgan,cameron.morgan@nutanix.com,Dakota Patel,dakota.patel@nutanix.com,AMER,North America,US East,Education,2580000,Customer,USA,DC,Washington,890 Station Rd,8,40,1640,38.91492,-77.01848
Quantum Logistics Washington,Skylar Foster,skylar.foster@nutanix.com,Reese Lee,reese.lee@nutanix.com,AMER,North America,US East,Logistics,2390000,Customer,USA,DC,Washington,866 Harbor Blvd,12,72,2592,38.91324,-77.01048
Delta Insurance Atlanta,Hayden Price,hayden.price@nutanix.com,Riley Young,riley.young@nutanix.com,AMER,North America,US East,Insurance,930000,Customer,USA,GA,Atlanta,997 Elizabeth St,12,96,3552,33.77416,-84.40086
Atlas Insurance Atlanta,Finley Reed,finley.reed@nutanix.com,Rowan Park,rowan.park@nutanix.com,AMER,North America,US East,Insurance,2770000,Prospect,USA,GA,Atlanta,1553 Marina Blvd,9,27,486,33.76833,-84.3489
Vertex Hospitality Atlanta,Emerson Bailey,emerson.bailey@nutanix.com,Kendall Carter,kendall.carter@nutanix.com,AMER,North America,US East,Hospitality,2430000,Customer,USA,GA,Atlanta,1650 High St,4,28,728,33.73004,-84.39154
Trident Energy Atlanta,Cameron Morgan,cameron.morgan@nutanix.com,Blake Brown,blake.brown@nutanix.com,AMER,North America,US East,Energy,250000,Prospect,USA,GA,Atlanta,1283 Park Ave,11,77,1694,33.75875,-84.37356
Bluewave Energy Atlanta,Elliot Sullivan,elliot.sullivan@nutanix.com,Alex Flores,alex.flores@nutanix.com,AMER,North America,US East,Energy,1720000,Prospect,USA,GA,Atlanta,453 George St,5,30,1110,33.7307,-84.39208
Lattice Media Atlanta,Jamie Mercer,jamie.mercer@nutanix.com,Ryan Diaz,ryan.diaz@nutanix.com,AMER,North America,US East,Media,1560000,Customer,USA,GA,Atlanta,1078 Church St,4,32,1408,33.75045,-84.36458
Falcon Technology Atlanta,Dakota Patel,dakota.patel@nutanix.com,Logan Cruz,logan.cruz@nutanix.com,AMER,North America,US East,Technology,2460000,Prospect,USA,GA,Atlanta,148 Congress Ave,2,8,304,33.74788,-84.36771
Monarch Public Atlanta,Chris Gray,chris.gray@nutanix.com,Sam Kim,sam.kim@nutanix.com,AMER,North America,US East,Public Sector,1370000,Prospect,USA,GA,Atlanta,1157 Lincoln St,7,49,1225,33.76032,-84.38049
Bluewave Insurance Atlanta,Blake Brown,blake.brown@nutanix.com,Morgan White,morgan.white@nutanix.com,AMER,North America,US East,Insurance,180000,Prospect,USA,GA,Atlanta,756 Elizabeth St,11,33,759,33.72623,-84.36184
Cardinal Technology Atlanta,Casey Hughes,casey.hughes@nutanix.com,Sawyer Hall,sawyer.hall@nutanix.com,AMER,North America,US East,Technology,150000,Customer,USA,GA,Atlanta,943 Innovation Way,3,21,546,33.75673,-84.38703
Lattice Education Atlanta,Logan Cruz,logan.cruz@nutanix.com,Drew Bennett,drew.bennett@nutanix.com,AMER,North America,US East,Education,1560000,Customer,USA,GA,Atlanta,618 Industrial Pkwy,11,88,3608,33.7654,-84.35987
Tideway Biotech Atlanta,Ryan Diaz,ryan.diaz@nutanix.com,Chris Gray,chris.gray@nutanix.com,AMER,North America,US East,Biotech,2040000,Customer,USA,GA,Atlanta,295 State St,4,20,840,33.7368,-84.38701
Sequoia Biotech Atlanta,Alex Flores,alex.flores@nutanix.com,Taylor Turner,taylor.turner@nutanix.com,AMER,North America,US East,Biotech,610000,Customer,USA,GA,Atlanta,1568 King St,8,48,1440,33.73683,-84.35546
Orbit Public Miami,Riley Young,riley.young@nutanix.com,Kendall Carter,kendall.carter@nutanix.com,AMER,North America,US East,Public Sector,730000,Customer,USA,FL,Miami,1183 Broadway,7,42,1302,25.74081,-80.16479
Brightline Retail Miami,Jamie Mercer,jamie.mercer@nutanix.com,Morgan White,morgan.white@nutanix.com,AMER,North America,US East,Retail,1590000,Customer,USA,FL,Miami,2384 Elizabeth St,8,32,768,25.7895,-80.2137
Bluewave Consumer Miami,Avery Johnson,avery.johnson@nutanix.com,Kendall Carter,kendall.carter@nutanix.com,AMER,North America,US East,Consumer Goods,2240000,Customer,USA,FL,Miami,1368 Summit Ave,8,24,744,25.7343,-80.1637
Falcon Media Miami,Harper Foley,harper.foley@nutanix.com,Leslie Lin,leslie.lin@nutanix.com,AMER,North America,US East,Media,1020000,Customer,USA,FL,Miami,1008 King St,12,48,2016,25.75267,-80.16605
Nimbus Hospitality Miami,Sawyer Hall,sawyer.hall@nutanix.com,Finley Reed,finley.reed@nutanix.com,AMER,North America,US East,Hospitality,1370000,Customer,USA,FL,Miami,2135 Technology Dr,10,40,1080,25.74698,-80.17294
Vertex Insurance Miami,Taylor Turner,taylor.turner@nutanix.com,Hayden Price,hayden.price@nutanix.com,AMER,North America,US East,Insurance,2820000,Customer,USA,FL,Miami,260 King St,11,33,1188,25.78514,-80.21739
Quantum Retail Miami,Logan Cruz,logan.cruz@nutanix.com,Dakota Patel,dakota.patel@nutanix.com,AMER,North America,US East,Retail,1460000,Customer,USA,FL,Miami,2 Market St,2,6,120,25.74207,-80.18367
Riverstone Energy Miami,Finley Reed,finley.reed@nutanix.com,Elliot Sullivan,elliot.sullivan@nutanix.com,AMER,North America,US East,Energy,2540000,Customer,USA,FL,Miami,516 Peachtree St,1,8,280,25.76906,-80.23082
Quantum Logistics Miami,Drew Bennett,drew.bennett@nutanix.com,Logan Cruz,logan.cruz@nutanix.com,AMER,North America,US East,Logistics,1950000,Customer,USA,FL,Miami,1556 Harbor Blvd,3,12,432,25.76553,-80.19661
Falcon Insurance Miami,Casey Hughes,casey.hughes@nutanix.com,Ryan Diaz,ryan.diaz@nutanix.com,AMER,North America,US East,Insurance,2900000,Prospect,USA,FL,Miami,690 Grand Ave,1,7,280,25.74897,-80.20557
Metro Energy Miami,Skylar Foster,skylar.foster@nutanix.com,Ryan Diaz,ryan.diaz@nutanix.com,AMER,North America,US East,Energy,500000,Prospect,USA,FL,Miami,2325 Technology Dr,4,20,620,25.77727,-80.17502
Quantum Hospitality Toronto,Harper Foley,harper.foley@nutanix.com,Casey Hughes,casey.hughes@nutanix.com,AMER,North America,Canada,Hospitality,570000,Prospect,Canada,ON,Toronto,235 Market St,1,8,152,43.6337,-79.37775
Evergreen Biotech Toronto,Casey Hughes,casey.hughes@nutanix.com,Parker Ellis,parker.ellis@nutanix.com,AMER,North America,Canada,Biotech,2970000,Customer,Canada,ON,Toronto,1791 Elizabeth St,3,21,735,43.63093,-79.36696
Harbor Consumer Toronto,Riley Young,riley.young@nutanix.com,Blake Brown,blake.brown@nutanix.com,AMER,North America,Canada,Consumer Goods,1870000,Prospect,Canada,ON,Toronto,1682 Peachtree St,5,40,920,43.67953,-79.41072
Catalyst Finance Toronto,Finley Reed,finley.reed@nutanix.com,Drew Bennett,drew.bennett@nutanix.com,AMER,North America,Canada,Finance,310000,Customer,Canada,ON,Toronto,1014 George St,7,28,756,43.65343,-79.34414
Tideway Manufacturing Toronto,Morgan White,morgan.white@nutanix.com,Parker Ellis,parker.ellis@nutanix.com,AMER,North America,Canada,Manufacturing,1330000,Prospect,Canada,ON,Toronto,2256 Marina Blvd,6,42,1260,43.63498,-79.37356
Horizon Healthcare Toronto,Taylor Turner,taylor.turner@nutanix.com,Sawyer Hall,sawyer.hall@nutanix.com,AMER,North America,Canada,Healthcare,2470000,Customer,Canada,ON,Toronto,967 Peachtree St,10,30,810,43.64228,-79.3625
Pinnacle Telecom Toronto,Sam Kim,sam.kim@nutanix.com,Taylor Turner,taylor.turner@nutanix.com,AMER,North America,Canada,Telecom,2470000,Customer,Canada,ON,Toronto,370 Industrial Pkwy,5,40,1800,43.6719,-79.40745
Lumen Insurance Toronto,Quinn Nguyen,quinn.nguyen@nutanix.com,Skylar Foster,skylar.foster@nutanix.com,AMER,North America,Canada,Insurance,320000,Prospect,Canada,ON,Toronto,550 King St,2,14,574,43.66766,-79.42113
Monarch Logistics Toronto,Quinn Nguyen,quinn.nguyen@nutanix.com,Harper Foley,harper.foley@nutanix.com,AMER,North America,Canada,Logistics,610000,Customer,Canada,ON,Toronto,626 Queen St,8,24,360,43.67685,-79.34937
Nimbus Hospitality Toronto,Elliot Sullivan,elliot.sullivan@nutanix.com,Riley Young,riley.young@nutanix.com,AMER,North America,Canada,Hospitality,1190000,Prospect,Canada,ON,Toronto,1419 Market St,2,8,208,43.67988,-79.40578
Falcon Healthcare Vancouver,Kendall Carter,kendall.carter@nutanix.com,Skylar Foster,skylar.foster@nutanix.com,AMER,North America,Canada,Healthcare,2730000,Customer,Canada,BC,Vancouver,1061 Marina Blvd,1,4,100,49.28276,-123.10776
Skyline Logistics Vancouver,Ryan Diaz,ryan.diaz@nutanix.com,Kendall Carter,kendall.carter@nutanix.com,AMER,North America,Canada,Logistics,1300000,Customer,Canada,BC,Vancouver,808 Summit Ave,9,36,1476,49.29167,-123.095
Horizon Energy Vancouver,Alex Flores,alex.flores@nutanix.com,Chris Gray,chris.gray@nutanix.com,AMER,North America,Canada,Energy,200000,Customer,Canada,BC,Vancouver,1022 Main St,3,12,180,49.26361,-123.09845
Pinnacle Telecom Vancouver,Kendall Carter,kendall.carter@nutanix.com,Drew Bennett,drew.bennett@nutanix.com,AMER,North America,Canada,Telecom,2760000,Customer,Canada,BC,Vancouver,546 Lincoln St,7,56,1400,49.30996,-123.08903
Orbit Healthcare Vancouver,Taylor Turner,taylor.turner@nutanix.com,Jamie Mercer,jamie.mercer@nutanix.com,AMER,North America,Canada,Healthcare,2110000,Customer,Canada,BC,Vancouver,2229 Church St,11,77,1617,49.2655,-123.09913
Cinder Insurance Vancouver,Skylar Foster,skylar.foster@nutanix.com,Kendall Carter,kendall.carter@nutanix.com,AMER,North America,Canada,Insurance,800000,Customer,Canada,BC,Vancouver,2388 Orchard Rd,9,54,1944,49.28494,-123.15133
Pulse Finance Vancouver,Robin Shah,robin.shah@nutanix.com,Taylor Turner,taylor.turner@nutanix.com,AMER,North America,Canada,Finance,2900000,Prospect,Canada,BC,Vancouver,2355 George St,6,18,468,49.27105,-123.14267
Evergreen Energy Vancouver,Blake Brown,blake.brown@nutanix.com,Casey Hughes,casey.hughes@nutanix.com,AMER,North America,Canada,Energy,2480000,Customer,Canada,BC,Vancouver,1721 State St,2,6,246,49.25285,-123.12469
Orbit Hospitality Vancouver,Logan Cruz,logan.cruz@nutanix.com,Sam Kim,sam.kim@nutanix.com,AMER,North America,Canada,Hospitality,2780000,Customer,Canada,BC,Vancouver,2364 Queen St,12,96,3648,49.26914,-123.08424
Metro Education Vancouver,Blake Brown,blake.brown@nutanix.com,Emerson Bailey,emerson.bailey@nutanix.com,AMER,North America,Canada,Education,1300000,Customer,Canada,BC,Vancouver,1322 Lincoln St,3,18,792,49.30344,-123.09902
Onyx Education Vancouver,Dakota Patel,dakota.patel@nutanix.com,Drew Bennett,drew.bennett@nutanix.com,AMER,North America,Canada,Education,1320000,Prospect,Canada,BC,Vancouver,1716 Commerce St,10,50,1900,49.28598,-123.12026
Sequoia Energy Vancouver,Reese Lee,reese.lee@nutanix.com,Ryan Diaz,ryan.diaz@nutanix.com,AMER,North America,Canada,Energy,610000,Customer,Canada,BC,Vancouver,1757 King St,9,63,1827,49.29862,-123.158
Catalyst Telecom Vancouver,Emerson Bailey,emerson.bailey@nutanix.com,Quinn Nguyen,quinn.nguyen@nutanix.com,AMER,North America,Canada,Telecom,2660000,Prospect,Canada,BC,Vancouver,1871 Broadway,6,36,864,49.26742,-123.11341
Tideway Consumer Vancouver,Blake Brown,blake.brown@nutanix.com,Chris Gray,chris.gray@nutanix.com,AMER,North America,Canada,Consumer Goods,2000000,Customer,Canada,BC,Vancouver,479 Commerce St,1,8,232,49.26717,-123.1092
Orbit Insurance Mexico City,Rowan Park,rowan.park@nutanix.com,Emerson Bailey,emerson.bailey@nutanix.com,AMER,North America,Mexico,Insurance,1160000,Customer,Mexico,CDMX,Mexico City,1124 Harbor Blvd,8,32,832,19.40797,-99.13235
Sequoia Consumer Mexico City,Harper Foley,harper.foley@nutanix.com,Jordan Gomez,jordan.gomez@nutanix.com,AMER,North America,Mexico,Consumer Goods,600000,Prospect,Mexico,CDMX,Mexico City,937 Market St,9,45,1305,19.40317,-99.16758
Pioneer Education Mexico City,Leslie Lin,leslie.lin@nutanix.com,Skylar Foster,skylar.foster@nutanix.com,AMER,North America,Mexico,Education,1310000,Prospect,Mexico,CDMX,Mexico City,2343 Congress Ave,3,21,735,19.4492,-99.12857
Onyx Insurance Mexico City,Drew Bennett,drew.bennett@nutanix.com,Taylor Turner,taylor.turner@nutanix.com,AMER,North America,Mexico,Insurance,1940000,Customer,Mexico,CDMX,Mexico City,1312 Technology Dr,2,8,320,19.43354,-99.10679
Harbor Insurance Mexico City,Logan Cruz,logan.cruz@nutanix.com,Finley Reed,finley.reed@nutanix.com,AMER,North America,Mexico,Insurance,1150000,Customer,Mexico,CDMX,Mexico City,385 Market St,1,8,288,19.41486,-99.12198
Sequoia Public Mexico City,Robin Shah,robin.shah@nutanix.com,Harper Foley,harper.foley@nutanix.com,AMER,North America,Mexico,Public Sector,730000,Customer,Mexico,CDMX,Mexico City,1576 Commerce St,8,40,1160,19.45208,-99.15536
Lattice Telecom Mexico City,Skylar Foster,skylar.foster@nutanix.com,Taylor Turner,taylor.turner@nutanix.com,AMER,North America,Mexico,Telecom,2520000,Customer,Mexico,CDMX,Mexico City,381 Harbor Blvd,8,48,2016,19.4452,-99.13886
Vector Insurance Mexico City,Elliot Sullivan,elliot.sullivan@nutanix.com,Quinn Nguyen,quinn.nguyen@nutanix.com,AMER,North America,Mexico,Insurance,1410000,Customer,Mexico,CDMX,Mexico City,611 Broadway,4,32,736,19.44705,-99.1592
Summit Healthcare Mexico City,Cameron Morgan,cameron.morgan@nutanix.com,Blake Brown,blake.brown@nutanix.com,AMER,North America,Mexico,Healthcare,1990000,Customer,Mexico,CDMX,Mexico City,1225 George St,3,15,270,19.44043,-99.11748
Summit Education Sao Paulo,Riley Young,riley.young@nutanix.com,Hayden Price,hayden.price@nutanix.com,AMER,South America,Brazil,Education,180000,Customer,Brazil,SP,Sao Paulo,1539 Harbor Blvd,3,18,468,-23.53833,-46.60304
Apex Healthcare Sao Paulo,Jordan Gomez,jordan.gomez@nutanix.com,Sam Kim,sam.kim@nutanix.com,AMER,South America,Brazil,Healthcare,140000,Prospect,Brazil,SP,Sao Paulo,1109 Queen St,5,20,840,-23.57102,-46.66099
Sequoia Finance Sao Paulo,Hayden Price,hayden.price@nutanix.com,Rowan Park,rowan.park@nutanix.com,AMER,South America,Brazil,Finance,390000,Customer,Brazil,SP,Sao Paulo,865 Harbor Blvd,8,64,2496,-23.53964,-46.63816
Onyx Insurance Sao Paulo,Leslie Lin,leslie.lin@nutanix.com,Taylor Turner,taylor.turner@nutanix.com,AMER,South America,Brazil,Insurance,1230000,Customer,Brazil,SP,Sao Paulo,1874 Industrial Pkwy,9,72,2088,-23.56249,-46.65433
Tideway Media Sao Paulo,Drew Bennett,drew.bennett@nutanix.com,Hayden Price,hayden.price@nutanix.com,AMER,South America,Brazil,Media,2110000,Prospect,Brazil,SP,Sao Paulo,2393 State St,9,36,1152,-23.53456,-46.637
Evergreen Insurance Sao Paulo,Ryan Diaz,ryan.diaz@nutanix.com,Rowan Park,rowan.park@nutanix.com,AMER,South America,Brazil,Insurance,1300000,Prospect,Brazil,SP,Sao Paulo,1926 Peachtree St,8,40,1400,-23.53237,-46.63657
Atlas Telecom Sao Paulo,Morgan White,morgan.white@nutanix.com,Drew Bennett,drew.bennett@nutanix.com,AMER,South America,Brazil,Telecom,2900000,Prospect,Brazil,SP,Sao Paulo,585 Congress Ave,11,33,1419,-23.54778,-46.66995
Summit Energy Sao Paulo,Sam Kim,sam.kim@nutanix.com,Blake Brown,blake.brown@nutanix.com,AMER,South America,Brazil,Energy,390000,Customer,Brazil,SP,Sao Paulo,2355 Station Rd,8,40,1720,-23.55405,-46.66447
Vertex Healthcare Sao Paulo,Jordan Gomez,jordan.gomez@nutanix.com,Skylar Foster,skylar.foster@nutanix.com,AMER,South America,Brazil,Healthcare,1020000,Customer,Brazil,SP,Sao Paulo,762 Innovation Way,11,33,990,-23.53698,-46.606
Acme Media Sao Paulo,Skylar Foster,skylar.foster@nutanix.com,Elliot Sullivan,elliot.sullivan@nutanix.com,AMER,South America,Brazil,Media,670000,Customer,Brazil,SP,Sao Paulo,2206 Park Ave,10,50,1400,-23.55768,-46.66844
Metro Public Sao Paulo,Morgan White,morgan.white@nutanix.com,Sam Kim,sam.kim@nutanix.com,AMER,South America,Brazil,Public Sector,570000,Prospect,Brazil,SP,Sao Paulo,1532 Lincoln St,7,49,1225,-23.57875,-46.63423
Vertex Technology Buenos Aires,Casey Hughes,casey.hughes@nutanix.com,Cameron Morgan,cameron.morgan@nutanix.com,AMER,South America,Southern Cone,Technology,1820000,Prospect,Argentina,BA,Buenos Aires,1309 Industrial Pkwy,10,70,1050,-34.60921,-58.40336
Meridian Media Buenos Aires,Finley Reed,finley.reed@nutanix.com,Jordan Gomez,jordan.gomez@nutanix.com,AMER,South America,Southern Cone,Media,1630000,Prospect,Argentina,BA,Buenos Aires,1652 Orchard Rd,5,20,440,-34.62903,-58.34193
Catalyst Retail Buenos Aires,Casey Hughes,casey.hughes@nutanix.com,Sam Kim,sam.kim@nutanix.com,AMER,South America,Southern Cone,Retail,2500000,Customer,Argentina,BA,Buenos Aires,1409 Park Ave,12,36,540,-34.60976,-58.34523
Aurora Energy Buenos Aires,Sawyer Hall,sawyer.hall@nutanix.com,Avery Johnson,avery.johnson@nutanix.com,AMER,South America,Southern Cone,Energy,2750000,Customer,Argentina,BA,Buenos Aires,116 Innovation Way,4,20,680,-34.60333,-58.3982
Lumen Logistics Buenos Aires,Sawyer Hall,sawyer.hall@nutanix.com,Blake Brown,blake.brown@nutanix.com,AMER,South America,Southern Cone,Logistics,660000,Customer,Argentina,BA,Buenos Aires,1065 Commerce St,5,35,1295,-34.61135,-58.34898
Pioneer Energy Buenos Aires,Reese Lee,reese.lee@nutanix.com,Leslie Lin,leslie.lin@nutanix.com,AMER,South America,Southern Cone,Energy,2660000,Customer,Argentina,BA,Buenos Aires,2157 Orchard Rd,10,40,1440,-34.57959,-58.36715
Evergreen Manufacturing Buenos Aires,Riley Young,riley.young@nutanix.com,Sawyer Hall,sawyer.hall@nutanix.com,AMER,South America,Southern Cone,Manufacturing,2040000,Prospect,Argentina,BA,Buenos Aires,472 Marina Blvd,6,18,810,-34.5881,-58.34901
Granite Healthcare Buenos Aires,Hayden Price,hayden.price@nutanix.com,Blake Brown,blake.brown@nutanix.com,AMER,South America,Southern Cone,Healthcare,2490000,Prospect,Argentina,BA,Buenos Aires,1362 Congress Ave,1,6,186,-34.57993,-58.414
Catalyst Biotech Buenos Aires,Finley Reed,finley.reed@nutanix.com,Kendall Carter,kendall.carter@nutanix.com,AMER,South America,Southern Cone,Biotech,2050000,Prospect,Argentina,BA,Buenos Aires,2209 Harbor Blvd,10,70,2100,-34.61806,-58.40278
Tideway Healthcare Buenos Aires,Sawyer Hall,sawyer.hall@nutanix.com,Casey Hughes,casey.hughes@nutanix.com,AMER,South America,Southern Cone,Healthcare,1640000,Customer,Argentina,BA,Buenos Aires,244 Summit Ave,11,77,2695,-34.59938,-58.37624
Vertex Media Buenos Aires,Riley Young,riley.young@nutanix.com,Jamie Mercer,jamie.mercer@nutanix.com,AMER,South America,Southern Cone,Media,2320000,Customer,Argentina,BA,Buenos Aires,260 Station Rd,10,30,870,-34.62494,-58.34246
Nimbus Biotech Buenos Aires,Dakota Patel,dakota.patel@nutanix.com,Kendall Carter,kendall.carter@nutanix.com,AMER,South America,Southern Cone,Biotech,400000,Customer,Argentina,BA,Buenos Aires,2107 State St,2,12,360,-34.5884,-58.38863
Acme Education Santiago,Riley Young,riley.young@nutanix.com,Rowan Park,rowan.park@nutanix.com,AMER,South America,Southern Cone,Education,1900000,Prospect,Chile,RM,Santiago,2368 Main St,10,40,1000,-33.47347,-70.63692
Lattice Technology Santiago,Cameron Morgan,cameron.morgan@nutanix.com,Morgan White,morgan.white@nutanix.com,AMER,South America,Southern Cone,Technology,1390000,Customer,Chile,RM,Santiago,1855 State St,3,18,342,-33.45492,-70.70901
Riverstone Healthcare Santiago,Emerson Bailey,emerson.bailey@nutanix.com,Cameron Morgan,cameron.morgan@nutanix.com,AMER,South America,Southern Cone,Healthcare,1560000,Customer,Chile,RM,Santiago,509 High St,6,36,1512,-33.4505,-70.70506
Atlas Energy Santiago,Jamie Mercer,jamie.mercer@nutanix.com,Morgan White,morgan.white@nutanix.com,AMER,South America,Southern Cone,Energy,2600000,Customer,Chile,RM,Santiago,771 George St,10,40,720,-33.46115,-70.64984
Vector Finance Santiago,Morgan White,morgan.white@nutanix.com,Kendall Carter,kendall.carter@nutanix.com,AMER,South America,Southern Cone,Finance,2590000,Customer,Chile,RM,Santiago,2015 Main St,11,77,3465,-33.45787,-70.65653
Brightline Consumer Santiago,Emerson Bailey,emerson.bailey@nutanix.com,Parker Ellis,parker.ellis@nutanix.com,AMER,South America,Southern Cone,Consumer Goods,690000,Customer,Chile,RM,Santiago,679 Harbor Blvd,7,49,2156,-33.4775,-70.66862
Pulse Public Santiago,Riley Young,riley.young@nutanix.com,Jamie Mercer,jamie.mercer@nutanix.com,AMER,South America,Southern Cone,Public Sector,2950000,Customer,Chile,RM,Santiago,346 Marina Blvd,11,44,1452,-33.42,-70.69512
Cinder Energy Santiago,Jamie Mercer,jamie.mercer@nutanix.com,Quinn Nguyen,quinn.nguyen@nutanix.com,AMER,South America,Southern Cone,Energy,1170000,Prospect,Chile,RM,Santiago,140 Queen St,3,21,777,-33.44137,-70.6457
Vector Media Santiago,Harper Foley,harper.foley@nutanix.com,Dakota Patel,dakota.patel@nutanix.com,AMER,South America,Southern Cone,Media,1550000,Customer,Chile,RM,Santiago,906 Summit Ave,5,15,450,-33.44854,-70.68004
Evergreen Telecom Santiago,Riley Young,riley.young@nutanix.com,Hayden Price,hayden.price@nutanix.com,AMER,South America,Southern Cone,Telecom,1760000,Customer,Chile,RM,Santiago,289 Congress Ave,10,30,930,-33.43211,-70.63383
Tideway Hospitality Santiago,Kendall Carter,kendall.carter@nutanix.com,Jordan Gomez,jordan.gomez@nutanix.com,AMER,South America,Southern Cone,Hospitality,2280000,Customer,Chile,RM,Santiago,819 George St,1,6,162,-33.45071,-70.65353
Aurora Insurance Bogota,Robin Shah,robin.shah@nutanix.com,Dakota Patel,dakota.patel@nutanix.com,AMER,South America,Andes,Insurance,530000,Customer,Colombia,DC,Bogota,2179 Commerce St,12,96,1632,4.71761,-74.09139
Meridian Finance Bogota,Riley Young,riley.young@nutanix.com,Chris Gray,chris.gray@nutanix.com,AMER,South America,Andes,Finance,1180000,Customer,Colombia,DC,Bogota,1399 Innovation Way,2,12,360,4.68886,-74.04235
Brightline Consumer Bogota,Jordan Gomez,jordan.gomez@nutanix.com,Skylar Foster,skylar.foster@nutanix.com,AMER,South America,Andes,Consumer Goods,1570000,Customer,Colombia,DC,Bogota,1170 Queen St,4,32,1344,4.69579,-74.03937
Falcon Healthcare Bogota,Rowan Park,rowan.park@nutanix.com,Quinn Nguyen,quinn.nguyen@nutanix.com,AMER,South America,Andes,Healthcare,1380000,Customer,Colombia,DC,Bogota,1254 Queen St,2,6,198,4.70885,-74.04062
Aurora Energy Bogota,Logan Cruz,logan.cruz@nutanix.com,Drew Bennett,drew.bennett@nutanix.com,AMER,South America,Andes,Energy,1920000,Customer,Colombia,DC,Bogota,1016 Broadway,10,40,1720,4.73052,-74.08125
Lattice Telecom Bogota,Riley Young,riley.young@nutanix.com,Quinn Nguyen,quinn.nguyen@nutanix.com,AMER,South America,Andes,Telecom,750000,Prospect,Colombia,DC,Bogota,714 Church St,12,84,3276,4.71292,-74.06538
Metro Consumer Bogota,Jordan Gomez,jordan.gomez@nutanix.com,Jamie Mercer,jamie.mercer@nutanix.com,AMER,South America,Andes,Consumer Goods,1970000,Customer,Colombia,DC,Bogota,640 Elizabeth St,6,48,2016,4.70845,-74.10254
Bluewave Consumer Bogota,Quinn Nguyen,quinn.nguyen@nutanix.com,Taylor Turner,taylor.turner@nutanix.com,AMER,South America,Andes,Consumer Goods,1500000,Prospect,Colombia,DC,Bogota,2080 Main St,1,4,140,4.73291,-74.0581
Granite Insurance Bogota,Blake Brown,blake.brown@nutanix.com,Drew Bennett,drew.bennett@nutanix.com,AMER,South America,Andes,Insurance,1350000,Customer,Colombia,DC,Bogota,1884 Orchard Rd,8,40,1440,4.70163,-74.04282
Metro Biotech Bogota,Casey Hughes,casey.hughes@nutanix.com,Ryan Diaz,ryan.diaz@nutanix.com,AMER,South America,Andes,Biotech,190000,Prospect,Colombia,DC,Bogota,474 Grand Ave,7,49,931,4.70469,-74.098
Northstar Education Bogota,Riley Young,riley.young@nutanix.com,Taylor Turner,taylor.turner@nutanix.com,AMER,South America,Andes,Education,1710000,Prospect,Colombia,DC,Bogota,540 George St,4,12,528,4.73986,-74.04979
Acme Energy Bogota,Casey Hughes,casey.hughes@nutanix.com,Taylor Turner,taylor.turner@nutanix.com,AMER,South America,Andes,Energy,2690000,Customer,Colombia,DC,Bogota,142 Market St,5,25,525,4.71302,-74.09796
Pioneer Insurance Bogota,Chris Gray,chris.gray@nutanix.com,Harper Foley,harper.foley@nutanix.com,AMER,South America,Andes,Insurance,860000,Prospect,Colombia,DC,Bogota,1502 Broadway,3,9,360,4.68863,-74.08164
Vertex Finance Lima,Avery Johnson,avery.johnson@nutanix.com,Ryan Diaz,ryan.diaz@nutanix.com,AMER,South America,Andes,Finance,2550000,Customer,Peru,LIM,Lima,98 Summit Ave,3,18,468,-12.06581,-77.07175
Summit Manufacturing Lima,Avery Johnson,avery.johnson@nutanix.com,Kendall Carter,kendall.carter@nutanix.com,AMER,South America,Andes,Manufacturing,390000,Customer,Peru,LIM,Lima,818 State St,11,55,1980,-12.03921,-77.04767
Stratus Technology Lima,Ryan Diaz,ryan.diaz@nutanix.com,Jordan Gomez,jordan.gomez@nutanix.com,AMER,South America,Andes,Technology,2990000,Prospect,Peru,LIM,Lima,2034 Park Ave,12,96,3840,-12.05045,-77.02208
Apex Technology Lima,Elliot Sullivan,elliot.sullivan@nutanix.com,Leslie Lin,leslie.lin@nutanix.com,AMER,South America,Andes,Technology,2380000,Prospect,Peru,LIM,Lima,890 Park Ave,7,56,1736,-12.07429,-77.03917
Vector Media Lima,Jordan Gomez,jordan.gomez@nutanix.com,Rowan Park,rowan.park@nutanix.com,AMER,South America,Andes,Media,2110000,Customer,Peru,LIM,Lima,763 Market St,1,8,344,-12.07309,-77.02631
Onyx Energy Lima,Rowan Park,rowan.park@nutanix.com,Robin Shah,robin.shah@nutanix.com,AMER,South America,Andes,Energy,1530000,Customer,Peru,LIM,Lima,2123 High St,4,20,580,-12.06639,-77.05182
Nimbus Media Lima,Alex Flores,alex.flores@nutanix.com,Blake Brown,blake.brown@nutanix.com,AMER,South America,Andes,Media,2630000,Prospect,Peru,LIM,Lima,996 Harbor Blvd,7,56,2240,-12.07422,-77.01342
Summit Telecom Lima,Kendall Carter,kendall.carter@nutanix.com,Avery Johnson,avery.johnson@nutanix.com,AMER,South America,Andes,Telecom,2070000,Prospect,Peru,LIM,Lima,1866 Harbor Blvd,6,30,990,-12.04767,-77.01425
Brightline Consumer Lima,Blake Brown,blake.brown@nutanix.com,Elliot Sullivan,elliot.sullivan@nutanix.com,AMER,South America,Andes,Consumer Goods,790000,Customer,Peru,LIM,Lima,2001 State St,1,5,90,-12.0553,-77.00933
Apex Biotech Lima,Taylor Turner,taylor.turner@nutanix.com,Sam Kim,sam.kim@nutanix.com,AMER,South America,Andes,Biotech,2480000,Customer,Peru,LIM,Lima,1132 Main St,2,10,440,-12.02801,-77.03276
Skyline Consumer Lima,Jamie Mercer,jamie.mercer@nutanix.com,Riley Young,riley.young@nutanix.com,AMER,South America,Andes,Consumer Goods,540000,Prospect,Peru,LIM,Lima,665 Queen St,12,72,1224,-12.06737,-77.02651
Quantum Media Lima,Casey Hughes,casey.hughes@nutanix.com,Ryan Diaz,ryan.diaz@nutanix.com,AMER,South America,Andes,Media,1570000,Prospect,Peru,LIM,Lima,1389 Summit Ave,12,48,1680,-12.07494,-77.07283
Cinder Consumer London,Avery Johnson,avery.johnson@nutanix.com,Alex Flores,alex.flores@nutanix.com,EMEA,EMEA,UK & Ireland,Consumer Goods,2880000,Customer,United Kingdom,England,London,996 Church St,11,33,1419,51.52891,-0.10533
Beacon Retail London,Rowan Park,rowan.park@nutanix.com,Jordan Gomez,jordan.gomez@nutanix.com,EMEA,EMEA,UK & Ireland,Retail,1070000,Customer,United Kingdom,England,London,2352 Innovation Way,8,32,992,51.48506,-0.11441
Bluewave Retail London,Casey Hughes,casey.hughes@nutanix.com,Sam Kim,sam.kim@nutanix.com,EMEA,EMEA,UK & Ireland,Retail,750000,Customer,United Kingdom,England,London,727 Industrial Pkwy,3,24,456,51.53136,-0.15615
Skyline Public London,Riley Young,riley.young@nutanix.com,Sawyer Hall,sawyer.hall@nutanix.com,EMEA,EMEA,UK & Ireland,Public Sector,2410000,Customer,United Kingdom,England,London,881 Peachtree St,2,14,546,51.51008,-0.15482
Metro Technology London,Jordan Gomez,jordan.gomez@nutanix.com,Robin Shah,robin.shah@nutanix.com,EMEA,EMEA,UK & Ireland,Technology,730000,Prospect,United Kingdom,England,London,1824 Elizabeth St,12,48,1248,51.52636,-0.14054
Ironclad Education London,Drew Bennett,drew.bennett@nutanix.com,Taylor Turner,taylor.turner@nutanix.com,EMEA,EMEA,UK & Ireland,Education,2700000,Prospect,United Kingdom,England,London,594 King St,8,32,896,51.52471,-0.11199
Ironclad Public London,Hayden Price,hayden.price@nutanix.com,Taylor Turner,taylor.turner@nutanix.com,EMEA,EMEA,UK & Ireland,Public Sector,2760000,Customer,United Kingdom,England,London,1091 Industrial Pkwy,11,44,1980,51.49711,-0.16521
Falcon Retail London,Harper Foley,harper.foley@nutanix.com,Leslie Lin,leslie.lin@nutanix.com,EMEA,EMEA,UK & Ireland,Retail,1750000,Prospect,United Kingdom,England,London,190 Park Ave,9,45,1350,51.53396,-0.14158
Trident Healthcare London,Drew Bennett,drew.bennett@nutanix.com,Chris Gray,chris.gray@nutanix.com,EMEA,EMEA,UK & Ireland,Healthcare,1810000,Customer,United Kingdom,England,London,719 Industrial Pkwy,9,27,783,51.51475,-0.13643
Vertex Hospitality London,Kendall Carter,kendall.carter@nutanix.com,Casey Hughes,casey.hughes@nutanix.com,EMEA,EMEA,UK & Ireland,Hospitality,1170000,Customer,United Kingdom,England,London,1924 Broadway,10,30,1080,51.53201,-0.15267
Brightline Media Dublin,Avery Johnson,avery.johnson@nutanix.com,Ryan Diaz,ryan.diaz@nutanix.com,EMEA,EMEA,UK & Ireland,Media,280000,Customer,Ireland,Leinster,Dublin,863 Marina Blvd,2,14,490,53.32499,-6.24706
Monarch Finance Dublin,Logan Cruz,logan.cruz@nutanix.com,Leslie Lin,leslie.lin@nutanix.com,EMEA,EMEA,UK & Ireland,Finance,250000,Customer,Ireland,Leinster,Dublin,458 Main St,5,20,300,53.35782,-6.29883
Skyline Education Dublin,Emerson Bailey,emerson.bailey@nutanix.com,Jordan Gomez,jordan.gomez@nutanix.com,EMEA,EMEA,UK & Ireland,Education,740000,Prospect,Ireland,Leinster,Dublin,2313 Queen St,4,20,420,53.32209,-6.24754
Monarch Finance Dublin,Logan Cruz,logan.cruz@nutanix.com,Sam Kim,sam.kim@nutanix.com,EMEA,EMEA,UK & Ireland,Finance,2980000,Customer,Ireland,Leinster,Dublin,1360 Harbor Blvd,8,40,680,53.33489,-6.26382
Meridian Manufacturing Dublin,Taylor Turner,taylor.turner@nutanix.com,Leslie Lin,leslie.lin@nutanix.com,EMEA,EMEA,UK & Ireland,Manufacturing,2050000,Customer,Ireland,Leinster,Dublin,746 Commerce St,11,77,3388,53.33505,-6.27632
Harbor Healthcare Dublin,Morgan White,morgan.white@nutanix.com,Jordan Gomez,jordan.gomez@nutanix.com,EMEA,EMEA,UK & Ireland,Healthcare,2930000,Customer,Ireland,Leinster,Dublin,532 Commerce St,5,35,945,53.35851,-6.28837
Granite Retail Dublin,Dakota Patel,dakota.patel@nutanix.com,Alex Flores,alex.flores@nutanix.com,EMEA,EMEA,UK & Ireland,Retail,1540000,Customer,Ireland,Leinster,Dublin,1280 Technology Dr,12,84,1680,53.37765,-6.25278
Nimbus Retail Dublin,Sam Kim,sam.kim@nutanix.com,Elliot Sullivan,elliot.sullivan@nutanix.com,EMEA,EMEA,UK & Ireland,Retail,1700000,Customer,Ireland,Leinster,Dublin,611 Summit Ave,7,21,756,53.34921,-6.28186
Brightline Consumer Dublin,Quinn Nguyen,quinn.nguyen@nutanix.com,Quinn Nguyen,quinn.nguyen@nutanix.com,EMEA,EMEA,UK & Ireland,Consumer Goods,2930000,Prospect,Ireland,Leinster,Dublin,1885 Congress Ave,6,48,912,53.33167,-6.25417
Acme Technology Dublin,Parker Ellis,parker.ellis@nutanix.com,Kendall Carter,kendall.carter@nutanix.com,EMEA,EMEA,UK & Ireland,Technology,2370000,Customer,Ireland,Leinster,Dublin,2072 Park Ave,2,8,208,53.33699,-6.23433
Apex Consumer Dublin,Jordan Gomez,jordan.gomez@nutanix.com,Skylar Foster,skylar.foster@nutanix.com,EMEA,EMEA,UK & Ireland,Consumer Goods,720000,Customer,Ireland,Leinster,Dublin,495 Broadway,1,4,124,53.33923,-6.2745
Evergreen Manufacturing Dublin,Robin Shah,robin.shah@nutanix.com,Taylor Turner,taylor.turner@nutanix.com,EMEA,EMEA,UK & Ireland,Manufacturing,2430000,Customer,Ireland,Leinster,Dublin,259 Park Ave,8,48,1344,53.33495,-6.27616
Pioneer Finance Paris,Drew Bennett,drew.bennett@nutanix.com,Morgan White,morgan.white@nutanix.com,EMEA,EMEA,Western Europe,Finance,810000,Customer,France,Ile-de-France,Paris,2376 Lincoln St,11,33,627,48.84804,2.3662
Pinnacle Telecom Paris,Jordan Gomez,jordan.gomez@nutanix.com,Blake Brown,blake.brown@nutanix.com,EMEA,EMEA,Western Europe,Telecom,1880000,Customer,France,Ile-de-France,Paris,1132 Park Ave,4,12,204,48.88382,2.31562
Harbor Telecom Paris,Emerson Bailey,emerson.bailey@nutanix.com,Hayden Price,hayden.price@nutanix.com,EMEA,EMEA,Western Europe,Telecom,2010000,Prospect,France,Ile-de-France,Paris,816 Commerce St,9,72,2880,48.86029,2.35609
Northstar Biotech Paris,Ryan Diaz,ryan.diaz@nutanix.com,Finley Reed,finley.reed@nutanix.com,EMEA,EMEA,Western Europe,Biotech,1480000,Customer,France,Ile-de-France,Paris,1578 Technology Dr,7,42,882,48.84904,2.37477
Northstar Public Paris,Parker Ellis,parker.ellis@nutanix.com,Logan Cruz,logan.cruz@nutanix.com,EMEA,EMEA,Western Europe,Public Sector,1210000,Customer,France,Ile-de-France,Paris,2062 Grand Ave,9,63,2142,48.82956,2.33774
Northstar Public Paris,Logan Cruz,logan.cruz@nutanix.com,Blake Brown,blake.brown@nutanix.com,EMEA,EMEA,Western Europe,Public Sector,2170000,Customer,France,Ile-de-France,Paris,185 Elizabeth St,10,70,3010,48.85034,2.38643
Catalyst Telecom Paris,Robin Shah,robin.shah@nutanix.com,Logan Cruz,logan.cruz@nutanix.com,EMEA,EMEA,Western Europe,Telecom,190000,Prospect,France,Ile-de-France,Paris,2090 Congress Ave,1,8,184,48.86852,2.38037
Beacon Biotech Paris,Skylar Foster,skylar.foster@nutanix.com,Parker Ellis,parker.ellis@nutanix.com,EMEA,EMEA,Western Europe,Biotech,2010000,Customer,France,Ile-de-France,Paris,1246 Harbor Blvd,11,88,2904,48.83519,2.34396
Northstar Telecom Paris,Skylar Foster,skylar.foster@nutanix.com,Cameron Morgan,cameron.morgan@nutanix.com,EMEA,EMEA,Western Europe,Telecom,2100000,Customer,France,Ile-de-France,Paris,1607 State St,12,48,1584,48.85552,2.34971
Delta Healthcare Paris,Sawyer Hall,sawyer.hall@nutanix.com,Jamie Mercer,jamie.mercer@nutanix.com,EMEA,EMEA,Western Europe,Healthcare,2570000,Prospect,France,Ile-de-France,Paris,821 Elizabeth St,4,28,1092,48.88318,2.38801
Cardinal Education Paris,Drew Bennett,drew.bennett@nutanix.com,Dakota Patel,dakota.patel@nutanix.com,EMEA,EMEA,Western Europe,Education,800000,Prospect,France,Ile-de-France,Paris,593 State St,12,84,3612,48.83816,2.37814
Harbor Telecom Paris,Rowan Park,rowan.park@nutanix.com,Taylor Turner,taylor.turner@nutanix.com,EMEA,EMEA,Western Europe,Telecom,2960000,Customer,France,Ile-de-France,Paris,1546 George St,10,80,3200,48.83822,2.36388
Ironclad Hospitality Paris,Casey Hughes,casey.hughes@nutanix.com,Sawyer Hall,sawyer.hall@nutanix.com,EMEA,EMEA,Western Europe,Hospitality,920000,Prospect,France,Ile-de-France,Paris,2184 Main St,11,66,2376,48.84514,2.35667
Beacon Finance Paris,Casey Hughes,casey.hughes@nutanix.com,Chris Gray,chris.gray@nutanix.com,EMEA,EMEA,Western Europe,Finance,2620000,Prospect,France,Ile-de-France,Paris,1894 State St,1,5,90,48.86617,2.31335
Northstar Biotech Paris,Cameron Morgan,cameron.morgan@nutanix.com,Kendall Carter,kendall.carter@nutanix.com,EMEA,EMEA,Western Europe,Biotech,2020000,Prospect,France,Ile-de-France,Paris,676 Grand Ave,7,42,1050,48.8821,2.31405
Skyline Energy Berlin,Taylor Turner,taylor.turner@nutanix.com,Robin Shah,robin.shah@nutanix.com,EMEA,EMEA,DACH,Energy,2870000,Prospect,Germany,BE,Berlin,1079 Elizabeth St,9,63,2457,52.52553,13.3844
Sequoia Consumer Berlin,Riley Young,riley.young@nutanix.com,Jordan Gomez,jordan.gomez@nutanix.com,EMEA,EMEA,DACH,Consumer Goods,2980000,Prospect,Germany,BE,Berlin,1719 High St,3,9,180,52.5243,13.43201
Vector Public Berlin,Avery Johnson,avery.johnson@nutanix.com,Drew Bennett,drew.bennett@nutanix.com,EMEA,EMEA,DACH,Public Sector,2960000,Customer,Germany,BE,Berlin,2312 Peachtree St,1,8,272,52.51293,13.41685
Vertex Public Berlin,Taylor Turner,taylor.turner@nutanix.com,Elliot Sullivan,elliot.sullivan@nutanix.com,EMEA,EMEA,DACH,Public Sector,1350000,Prospect,Germany,BE,Berlin,1164 Station Rd,2,8,240,52.51195,13.40815
Lumen Public Berlin,Jordan Gomez,jordan.gomez@nutanix.com,Kendall Carter,kendall.carter@nutanix.com,EMEA,EMEA,DACH,Public Sector,1250000,Customer,Germany,BE,Berlin,80 Marina Blvd,9,45,1260,52.54574,13.44469
Harbor Finance Berlin,Sawyer Hall,sawyer.hall@nutanix.com,Dakota Patel,dakota.patel@nutanix.com,EMEA,EMEA,DACH,Finance,730000,Prospect,Germany,BE,Berlin,1802 Park Ave,7,35,1365,52.51117,13.42485
Bluewave Energy Berlin,Elliot Sullivan,elliot.sullivan@nutanix.com,Quinn Nguyen,quinn.nguyen@nutanix.com,EMEA,EMEA,DACH,Energy,920000,Customer,Germany,BE,Berlin,1564 Harbor Blvd,12,48,1776,52.53691,13.41099
Sequoia Manufacturing Berlin,Harper Foley,harper.foley@nutanix.com,Reese Lee,reese.lee@nutanix.com,EMEA,EMEA,DACH,Manufacturing,990000,Customer,Germany,BE,Berlin,559 State St,4,28,728,52.5023,13.3746
Quantum Energy Berlin,Taylor Turner,taylor.turner@nutanix.com,Chris Gray,chris.gray@nutanix.com,EMEA,EMEA,DACH,Energy,2130000,Customer,Germany,BE,Berlin,594 Technology Dr,8,40,1720,52.54902,13.41349
Tideway Hospitality Berlin,Emerson Bailey,emerson.bailey@nutanix.com,Jordan Gomez,jordan.gomez@nutanix.com,EMEA,EMEA,DACH,Hospitality,1000000,Customer,Germany,BE,Berlin,2357 Industrial Pkwy,6,18,648,52.49719,13.43633
Metro Telecom Munich,Cameron Morgan,cameron.morgan@nutanix.com,Sam Kim,sam.kim@nutanix.com,EMEA,EMEA,DACH,Telecom,450000,Customer,Germany,BY,Munich,2398 Elizabeth St,3,18,648,48.16408,11.61953
Acme Education Munich,Quinn Nguyen,quinn.nguyen@nutanix.com,Taylor Turner,taylor.turner@nutanix.com,EMEA,EMEA,DACH,Education,1340000,Prospect,Germany,BY,Munich,2093 Congress Ave,2,6,90,48.15326,11.55981
Falcon Media Munich,Riley Young,riley.young@nutanix.com,Alex Flores,alex.flores@nutanix.com,EMEA,EMEA,DACH,Media,2160000,Customer,Germany,BY,Munich,2399 Elizabeth St,5,20,360,48.11059,11.61084
Granite Manufacturing Munich,Quinn Nguyen,quinn.nguyen@nutanix.com,Elliot Sullivan,elliot.sullivan@nutanix.com,EMEA,EMEA,DACH,Manufacturing,2690000,Prospect,Germany,BY,Munich,27 Church St,2,16,608,48.13957,11.55654
Lumen Finance Munich,Ryan Diaz,ryan.diaz@nutanix.com,Alex Flores,alex.flores@nutanix.com,EMEA,EMEA,DACH,Finance,1530000,Customer,Germany,BY,Munich,2101 Market St,2,8,200,48.11721,11.56719
Sequoia Public Munich,Chris Gray,chris.gray@nutanix.com,Ryan Diaz,ryan.diaz@nutanix.com,EMEA,EMEA,DACH,Public Sector,570000,Customer,Germany,BY,Munich,890 Peachtree St,2,8,344,48.13707,11.54996
Acme Education Munich,Jordan Gomez,jordan.gomez@nutanix.com,Chris Gray,chris.gray@nutanix.com,EMEA,EMEA,DACH,Education,140000,Customer,Germany,BY,Munich,1976 Lincoln St,12,96,3456,48.14243,11.54767
Metro Finance Munich,Riley Young,riley.young@nutanix.com,Dakota Patel,dakota.patel@nutanix.com,EMEA,EMEA,DACH,Finance,140000,Customer,Germany,BY,Munich,401 Queen St,6,18,792,48.11487,11.58857
Cardinal Education Munich,Reese Lee,reese.lee@nutanix.com,Emerson Bailey,emerson.bailey@nutanix.com,EMEA,EMEA,DACH,Education,2510000,Customer,Germany,BY,Munich,504 George St,6,18,792,48.13592,11.61138
Monarch Retail Munich,Ryan Diaz,ryan.diaz@nutanix.com,Drew Bennett,drew.bennett@nutanix.com,EMEA,EMEA,DACH,Retail,2770000,Prospect,Germany,BY,Munich,494 Marina Blvd,10,80,3280,48.11371,11.62165
Apex Finance Munich,Rowan Park,rowan.park@nutanix.com,Parker Ellis,parker.ellis@nutanix.com,EMEA,EMEA,DACH,Finance,1920000,Customer,Germany,BY,Munich,2032 Summit Ave,9,27,513,48.15282,11.56211
Granite Media Munich,Quinn Nguyen,quinn.nguyen@nutanix.com,Casey Hughes,casey.hughes@nutanix.com,EMEA,EMEA,DACH,Media,600000,Prospect,Germany,BY,Munich,2030 Broadway,8,56,1960,48.12952,11.59663
Catalyst Healthcare Munich,Rowan Park,rowan.park@nutanix.com,Finley Reed,finley.reed@nutanix.com,EMEA,EMEA,DACH,Healthcare,1250000,Prospect,Germany,BY,Munich,848 Market St,8,24,1008,48.13604,11.58695
Apex Retail Munich,Skylar Foster,skylar.foster@nutanix.com,Dakota Patel,dakota.patel@nutanix.com,EMEA,EMEA,DACH,Retail,2150000,Prospect,Germany,BY,Munich,2175 Park Ave,11,44,1848,48.16257,11.59851
Bluewave Finance Zurich,Dakota Patel,dakota.patel@nutanix.com,Chris Gray,chris.gray@nutanix.com,EMEA,EMEA,DACH,Finance,2690000,Customer,Switzerland,ZH,Zurich,2247 Summit Ave,6,36,936,47.3766,8.5072
Stratus Finance Zurich,Jordan Gomez,jordan.gomez@nutanix.com,Sawyer Hall,sawyer.hall@nutanix.com,EMEA,EMEA,DACH,Finance,2910000,Prospect,Switzerland,ZH,Zurich,2348 Park Ave,12,96,4128,47.39253,8.54495
Bluewave Technology Zurich,Hayden Price,hayden.price@nutanix.com,Emerson Bailey,emerson.bailey@nutanix.com,EMEA,EMEA,DACH,Technology,460000,Customer,Switzerland,ZH,Zurich,1952 Church St,5,25,375,47.35406,8.5396
Harbor Public Zurich,Avery Johnson,avery.johnson@nutanix.com,Sawyer Hall,sawyer.hall@nutanix.com,EMEA,EMEA,DACH,Public Sector,2120000,Prospect,Switzerland,ZH,Zurich,1546 State St,10,60,1260,47.36788,8.53195
Lumen Consumer Zurich,Rowan Park,rowan.park@nutanix.com,Alex Flores,alex.flores@nutanix.com,EMEA,EMEA,DACH,Consumer Goods,500000,Prospect,Switzerland,ZH,Zurich,2343 Commerce St,11,77,2849,47.4068,8.56249
Bluewave Consumer Zurich,Logan Cruz,logan.cruz@nutanix.com,Sam Kim,sam.kim@nutanix.com,EMEA,EMEA,DACH,Consumer Goods,1090000,Customer,Switzerland,ZH,Zurich,532 Congress Ave,9,45,1530,47.37734,8.52625
Pinnacle Education Zurich,Reese Lee,reese.lee@nutanix.com,Casey Hughes,casey.hughes@nutanix.com,EMEA,EMEA,DACH,Education,1460000,Customer,Switzerland,ZH,Zurich,284 Queen St,8,32,480,47.38893,8.57485
Monarch Consumer Zurich,Cameron Morgan,cameron.morgan@nutanix.com,Leslie Lin,leslie.lin@nutanix.com,EMEA,EMEA,DACH,Consumer Goods,2920000,Customer,Switzerland,ZH,Zurich,1331 Summit Ave,12,60,1020,47.34965,8.58007
Orbit Energy Zurich,Sam Kim,sam.kim@nutanix.com,Ryan Diaz,ryan.diaz@nutanix.com,EMEA,EMEA,DACH,Energy,280000,Prospect,Switzerland,ZH,Zurich,1535 Grand Ave,5,25,375,47.37006,8.51869
Tideway Technology Zurich,Jordan Gomez,jordan.gomez@nutanix.com,Alex Flores,alex.flores@nutanix.com,EMEA,EMEA,DACH,Technology,2990000,Customer,Switzerland,ZH,Zurich,809 Orchard Rd,4,20,820,47.39561,8.55612
Riverstone Retail Amsterdam,Riley Young,riley.young@nutanix.com,Quinn Nguyen,quinn.nguyen@nutanix.com,EMEA,EMEA,Benelux,Retail,120000,Customer,Netherlands,NH,Amsterdam,965 Technology Dr,8,56,1904,52.3936,4.86553
Vertex Hospitality Amsterdam,Jamie Mercer,jamie.mercer@nutanix.com,Sam Kim,sam.kim@nutanix.com,EMEA,EMEA,Benelux,Hospitality,2120000,Prospect,Netherlands,NH,Amsterdam,1197 Congress Ave,12,84,1428,52.35789,4.93836
Pulse Technology Amsterdam,Avery Johnson,avery.johnson@nutanix.com,Taylor Turner,taylor.turner@nutanix.com,EMEA,EMEA,Benelux,Technology,1610000,Prospect,Netherlands,NH,Amsterdam,1832 High St,11,66,2508,52.35928,4.93988
Bluewave Insurance Amsterdam,Sam Kim,sam.kim@nutanix.com,Elliot Sullivan,elliot.sullivan@nutanix.com,EMEA,EMEA,Benelux,Insurance,2000000,Prospect,Netherlands,NH,Amsterdam,2217 Lincoln St,4,20,740,52.37062,4.9143
Horizon Telecom Amsterdam,Cameron Morgan,cameron.morgan@nutanix.com,Casey Hughes,casey.hughes@nutanix.com,EMEA,EMEA,Benelux,Telecom,1120000,Customer,Netherlands,NH,Amsterdam,191 Park Ave,9,72,2880,52.39089,4.9304
Brightline Manufacturing Amsterdam,Finley Reed,finley.reed@nutanix.com,Reese Lee,reese.lee@nutanix.com,EMEA,EMEA,Benelux,Manufacturing,2190000,Customer,Netherlands,NH,Amsterdam,2395 Broadway,5,20,500,52.35133,4.93401
Onyx Media Amsterdam,Rowan Park,rowan.park@nutanix.com,Casey Hughes,casey.hughes@nutanix.com,EMEA,EMEA,Benelux,Media,2180000,Customer,Netherlands,NH,Amsterdam,1590 Station Rd,5,35,1295,52.34322,4.93489
Acme Finance Amsterdam,Riley Young,riley.young@nutanix.com,Harper Foley,harper.foley@nutanix.com,EMEA,EMEA,Benelux,Finance,2500000,Customer,Netherlands,NH,Amsterdam,1563 Park Ave,3,12,504,52.36999,4.87184
Acme Logistics Amsterdam,Logan Cruz,logan.cruz@nutanix.com,Kendall Carter,kendall.carter@nutanix.com,EMEA,EMEA,Benelux,Logistics,1420000,Prospect,Netherlands,NH,Amsterdam,429 Congress Ave,11,88,1936,52.34652,4.93163
Brightline Finance Amsterdam,Reese Lee,reese.lee@nutanix.com,Morgan White,morgan.white@nutanix.com,EMEA,EMEA,Benelux,Finance,2170000,Customer,Netherlands,NH,Amsterdam,57 Commerce St,9,27,756,52.37491,4.8807
Tideway Education Amsterdam,Leslie Lin,leslie.lin@nutanix.com,Taylor Turner,taylor.turner@nutanix.com,EMEA,EMEA,Benelux,Education,740000,Customer,Netherlands,NH,Amsterdam,731 Congress Ave,6,42,672,52.3779,4.93778
Evergreen Public Amsterdam,Hayden Price,hayden.price@nutanix.com,Rowan Park,rowan.park@nutanix.com,EMEA,EMEA,Benelux,Public Sector,2130000,Customer,Netherlands,NH,Amsterdam,187 Technology Dr,10,50,2050,52.35616,4.92068
Monarch Consumer Madrid,Dakota Patel,dakota.patel@nutanix.com,Kendall Carter,kendall.carter@nutanix.com,EMEA,EMEA,Iberia,Consumer Goods,1770000,Customer,Spain,MD,Madrid,733 Lincoln St,5,25,750,40.4246,-3.72633
Metro Insurance Madrid,Quinn Nguyen,quinn.nguyen@nutanix.com,Finley Reed,finley.reed@nutanix.com,EMEA,EMEA,Iberia,Insurance,1240000,Prospect,Spain,MD,Madrid,951 Technology Dr,11,55,880,40.41779,-3.66774
Orbit Public Madrid,Logan Cruz,logan.cruz@nutanix.com,Cameron Morgan,cameron.morgan@nutanix.com,EMEA,EMEA,Iberia,Public Sector,2300000,Prospect,Spain,MD,Madrid,1842 Innovation Way,7,28,588,40.43266,-3.69075
Lattice Biotech Madrid,Dakota Patel,dakota.patel@nutanix.com,Sam Kim,sam.kim@nutanix.com,EMEA,EMEA,Iberia,Biotech,2070000,Customer,Spain,MD,Madrid,1795 Industrial Pkwy,6,36,828,40.42683,-3.72285
Ironclad Insurance Madrid,Riley Young,riley.young@nutanix.com,Alex Flores,alex.flores@nutanix.com,EMEA,EMEA,Iberia,Insurance,1250000,Prospect,Spain,MD,Madrid,1713 Orchard Rd,9,72,1872,40.39006,-3.72137
Quantum Media Madrid,Avery Johnson,avery.johnson@nutanix.com,Taylor Turner,taylor.turner@nutanix.com,EMEA,EMEA,Iberia,Media,1950000,Prospect,Spain,MD,Madrid,1993 Industrial Pkwy,6,24,1032,40.44102,-3.74151
Metro Public Madrid,Leslie Lin,leslie.lin@nutanix.com,Sam Kim,sam.kim@nutanix.com,EMEA,EMEA,Iberia,Public Sector,1970000,Customer,Spain,MD,Madrid,841 Church St,7,21,777,40.44252,-3.6714
Atlas Consumer Madrid,Riley Young,riley.young@nutanix.com,Elliot Sullivan,elliot.sullivan@nutanix.com,EMEA,EMEA,Iberia,Consumer Goods,2080000,Customer,Spain,MD,Madrid,796 Station Rd,10,80,2880,40.40296,-3.70654
Nimbus Telecom Madrid,Emerson Bailey,emerson.bailey@nutanix.com,Finley Reed,finley.reed@nutanix.com,EMEA,EMEA,Iberia,Telecom,370000,Prospect,Spain,MD,Madrid,377 Orchard Rd,11,88,2464,40.43846,-3.71899
Northstar Finance Madrid,Dakota Patel,dakota.patel@nutanix.com,Harper Foley,harper.foley@nutanix.com,EMEA,EMEA,Iberia,Finance,160000,Customer,Spain,MD,Madrid,525 Station Rd,9,45,1530,40.40963,-3.69043
Tideway Education Madrid,Morgan White,morgan.white@nutanix.com,Taylor Turner,taylor.turner@nutanix.com,EMEA,EMEA,Iberia,Education,430000,Customer,Spain,MD,Madrid,2019 Commerce St,11,55,2090,40.40017,-3.72344
Cinder Media Madrid,Parker Ellis,parker.ellis@nutanix.com,Taylor Turner,taylor.turner@nutanix.com,EMEA,EMEA,Iberia,Media,810000,Customer,Spain,MD,Madrid,1745 Elizabeth St,12,60,2340,40.44342,-3.71507
Orbit Healthcare Milan,Reese Lee,reese.lee@nutanix.com,Avery Johnson,avery.johnson@nutanix.com,EMEA,EMEA,Southern Europe,Healthcare,160000,Prospect,Italy,Lombardy,Milan,2390 King St,9,27,567,45.45624,9.21202
Sequoia Hospitality Milan,Riley Young,riley.young@nutanix.com,Morgan White,morgan.white@nutanix.com,EMEA,EMEA,Southern Europe,Hospitality,1420000,Customer,Italy,Lombardy,Milan,897 Church St,1,5,115,45.4382,9.18546
Brightline Telecom Milan,Hayden Price,hayden.price@nutanix.com,Chris Gray,chris.gray@nutanix.com,EMEA,EMEA,Southern Europe,Telecom,2150000,Prospect,Italy,Lombardy,Milan,581 Market St,10,60,1680,45.45462,9.18029
Evergreen Finance Milan,Jamie Mercer,jamie.mercer@nutanix.com,Taylor Turner,taylor.turner@nutanix.com,EMEA,EMEA,Southern Europe,Finance,1920000,Customer,Italy,Lombardy,Milan,1887 Market St,1,4,176,45.4656,9.19237
Brightline Energy Milan,Reese Lee,reese.lee@nutanix.com,Robin Shah,robin.shah@nutanix.com,EMEA,EMEA,Southern Europe,Energy,450000,Customer,Italy,Lombardy,Milan,1573 Lincoln St,12,96,2304,45.45148,9.18607
Trident Technology Milan,Elliot Sullivan,elliot.sullivan@nutanix.com,Elliot Sullivan,elliot.sullivan@nutanix.com,EMEA,EMEA,Southern Europe,Technology,1690000,Customer,Italy,Lombardy,Milan,2270 High St,7,49,1274,45.45832,9.1528
Pioneer Technology Milan,Hayden Price,hayden.price@nutanix.com,Emerson Bailey,emerson.bailey@nutanix.com,EMEA,EMEA,Southern Europe,Technology,1700000,Customer,Italy,Lombardy,Milan,789 Orchard Rd,1,7,112,45.48776,9.15895
Falcon Hospitality Milan,Hayden Price,hayden.price@nutanix.com,Robin Shah,robin.shah@nutanix.com,EMEA,EMEA,Southern Europe,Hospitality,710000,Customer,Italy,Lombardy,Milan,1317 Technology Dr,5,40,720,45.44384,9.21754
Cobalt Education Milan,Sawyer Hall,sawyer.hall@nutanix.com,Avery Johnson,avery.johnson@nutanix.com,EMEA,EMEA,Southern Europe,Education,920000,Customer,Italy,Lombardy,Milan,629 State St,2,14,490,45.48424,9.22779
Trident Energy Milan,Drew Bennett,drew.bennett@nutanix.com,Harper Foley,harper.foley@nutanix.com,EMEA,EMEA,Southern Europe,Energy,2180000,Customer,Italy,Lombardy,Milan,2255 Park Ave,5,20,620,45.44062,9.22067
Monarch Retail Milan,Logan Cruz,logan.cruz@nutanix.com,Quinn Nguyen,quinn.nguyen@nutanix.com,EMEA,EMEA,Southern Europe,Retail,2480000,Customer,Italy,Lombardy,Milan,708 State St,5,35,1540,45.46251,9.17501
Granite Telecom Milan,Casey Hughes,casey.hughes@nutanix.com,Ryan Diaz,ryan.diaz@nutanix.com,EMEA,EMEA,Southern Europe,Telecom,2040000,Customer,Italy,Lombardy,Milan,162 Peachtree St,8,56,1512,45.44608,9.15536
Apex Technology Milan,Sam Kim,sam.kim@nutanix.com,Robin Shah,robin.shah@nutanix.com,EMEA,EMEA,Southern Europe,Technology,2640000,Customer,Italy,Lombardy,Milan,2178 Summit Ave,11,44,1320,45.45138,9.22362
Harbor Retail Milan,Avery Johnson,avery.johnson@nutanix.com,Jordan Gomez,jordan.gomez@nutanix.com,EMEA,EMEA,Southern Europe,Retail,1960000,Customer,Italy,Lombardy,Milan,1211 Congress Ave,10,80,3440,45.44403,9.16666
Horizon Healthcare Milan,Taylor Turner,taylor.turner@nutanix.com,Finley Reed,finley.reed@nutanix.com,EMEA,EMEA,Southern Europe,Healthcare,160000,Prospect,Italy,Lombardy,Milan,1461 King St,8,32,736,45.48048,9.16118
Apex Media Stockholm,Taylor Turner,taylor.turner@nutanix.com,Chris Gray,chris.gray@nutanix.com,EMEA,EMEA,Nordics,Media,2610000,Customer,Sweden,Stockholm,Stockholm,1427 Commerce St,11,66,1254,59.3317,18.03142
Lattice Biotech Stockholm,Rowan Park,rowan.park@nutanix.com,Alex Flores,alex.flores@nutanix.com,EMEA,EMEA,Nordics,Biotech,2060000,Prospect,Sweden,Stockholm,Stockholm,2230 Congress Ave,2,8,248,59.34596,18.09046
Catalyst Education Stockholm,Chris Gray,chris.gray@nutanix.com,Logan Cruz,logan.cruz@nutanix.com,EMEA,EMEA,Nordics,Education,1150000,Prospect,Sweden,Stockholm,Stockholm,49 High St,8,24,600,59.32572,18.04915
Northstar Insurance Stockholm,Kendall Carter,kendall.carter@nutanix.com,Sam Kim,sam.kim@nutanix.com,EMEA,EMEA,Nordics,Insurance,2030000,Customer,Sweden,Stockholm,Stockholm,611 Technology Dr,2,10,310,59.35094,18.03489
Northstar Media Stockholm,Rowan Park,rowan.park@nutanix.com,Ryan Diaz,ryan.diaz@nutanix.com,EMEA,EMEA,Nordics,Media,1020000,Customer,Sweden,Stockholm,Stockholm,2211 Main St,11,66,1386,59.31589,18.05046
Falcon Logistics Stockholm,Jamie Mercer,jamie.mercer@nutanix.com,Parker Ellis,parker.ellis@nutanix.com,EMEA,EMEA,Nordics,Logistics,2460000,Customer,Sweden,Stockholm,Stockholm,257 Technology Dr,8,56,952,59.34558,18.09714
Delta Telecom Stockholm,Jamie Mercer,jamie.mercer@nutanix.com,Rowan Park,rowan.park@nutanix.com,EMEA,EMEA,Nordics,Telecom,460000,Customer,Sweden,Stockholm,Stockholm,1153 Commerce St,9,36,1332,59.32483,18.10176
Apex Biotech Stockholm,Riley Young,riley.young@nutanix.com,Avery Johnson,avery.johnson@nutanix.com,EMEA,EMEA,Nordics,Biotech,2010000,Customer,Sweden,Stockholm,Stockholm,420 Broadway,2,14,504,59.30699,18.10195
Falcon Healthcare Stockholm,Ryan Diaz,ryan.diaz@nutanix.com,Sam Kim,sam.kim@nutanix.com,EMEA,EMEA,Nordics,Healthcare,1400000,Customer,Sweden,Stockholm,Stockholm,983 Grand Ave,12,48,2160,59.32611,18.07062
Sequoia Telecom Stockholm,Robin Shah,robin.shah@nutanix.com,Finley Reed,finley.reed@nutanix.com,EMEA,EMEA,Nordics,Telecom,1020000,Prospect,Sweden,Stockholm,Stockholm,637 Peachtree St,10,30,1050,59.34483,18.04542
Skyline Telecom Stockholm,Cameron Morgan,cameron.morgan@nutanix.com,Drew Bennett,drew.bennett@nutanix.com,EMEA,EMEA,Nordics,Telecom,2680000,Customer,Sweden,Stockholm,Stockholm,1695 Industrial Pkwy,4,24,864,59.31376,18.07355
Acme Telecom Stockholm,Casey Hughes,casey.hughes@nutanix.com,Reese Lee,reese.lee@nutanix.com,EMEA,EMEA,Nordics,Telecom,2820000,Prospect,Sweden,Stockholm,Stockholm,1790 Summit Ave,11,44,1584,59.33263,18.09583
Falcon Public Stockholm,Harper Foley,harper.foley@nutanix.com,Ryan Diaz,ryan.diaz@nutanix.com,EMEA,EMEA,Nordics,Public Sector,290000,Customer,Sweden,Stockholm,Stockholm,622 Lincoln St,1,3,54,59.30567,18.05741
Evergreen Media Stockholm,Rowan Park,rowan.park@nutanix.com,Leslie Lin,leslie.lin@nutanix.com,EMEA,EMEA,Nordics,Media,1940000,Customer,Sweden,Stockholm,Stockholm,2180 Congress Ave,12,84,3528,59.30424,18.0758
Aurora Biotech Stockholm,Jamie Mercer,jamie.mercer@nutanix.com,Chris Gray,chris.gray@nutanix.com,EMEA,EMEA,Nordics,Biotech,2690000,Prospect,Sweden,Stockholm,Stockholm,741 Innovation Way,1,4,104,59.34192,18.08228
Beacon Finance Dubai,Jordan Gomez,jordan.gomez@nutanix.com,Finley Reed,finley.reed@nutanix.com,EMEA,EMEA,Middle East,Finance,2750000,Customer,UAE,Dubai,Dubai,829 Congress Ave,5,15,300,25.21472,55.27979
Riverstone Media Dubai,Taylor Turner,taylor.turner@nutanix.com,Kendall Carter,kendall.carter@nutanix.com,EMEA,EMEA,Middle East,Media,2660000,Customer,UAE,Dubai,Dubai,46 Grand Ave,2,16,528,25.23028,55.25146
Summit Logistics Dubai,Riley Young,riley.young@nutanix.com,Sawyer Hall,sawyer.hall@nutanix.com,EMEA,EMEA,Middle East,Logistics,430000,Customer,UAE,Dubai,Dubai,1330 Commerce St,7,56,1904,25.21171,55.28327
Atlas Telecom Dubai,Drew Bennett,drew.bennett@nutanix.com,Reese Lee,reese.lee@nutanix.com,EMEA,EMEA,Middle East,Telecom,2380000,Customer,UAE,Dubai,Dubai,1498 Market St,3,9,396,25.20123,55.28678
Evergreen Public Dubai,Ryan Diaz,ryan.diaz@nutanix.com,Emerson Bailey,emerson.bailey@nutanix.com,EMEA,EMEA,Middle East,Public Sector,850000,Customer,UAE,Dubai,Dubai,2193 Queen St,1,8,192,25.20641,55.25386
Lattice Media Dubai,Quinn Nguyen,quinn.nguyen@nutanix.com,Quinn Nguyen,quinn.nguyen@nutanix.com,EMEA,EMEA,Middle East,Media,590000,Prospect,UAE,Dubai,Dubai,591 Technology Dr,1,4,140,25.17913,55.256
Vertex Energy Dubai,Parker Ellis,parker.ellis@nutanix.com,Leslie Lin,leslie.lin@nutanix.com,EMEA,EMEA,Middle East,Energy,1500000,Prospect,UAE,Dubai,Dubai,1234 Market St,7,49,1568,25.18291,55.27787
Vertex Manufacturing Dubai,Jordan Gomez,jordan.gomez@nutanix.com,Robin Shah,robin.shah@nutanix.com,EMEA,EMEA,Middle East,Manufacturing,590000,Prospect,UAE,Dubai,Dubai,928 High St,4,12,228,25.20615,55.25884
Atlas Logistics Dubai,Jordan Gomez,jordan.gomez@nutanix.com,Parker Ellis,parker.ellis@nutanix.com,EMEA,EMEA,Middle East,Logistics,610000,Prospect,UAE,Dubai,Dubai,2234 Main St,6,24,744,25.19012,55.24475
Northstar Telecom Dubai,Logan Cruz,logan.cruz@nutanix.com,Hayden Price,hayden.price@nutanix.com,EMEA,EMEA,Middle East,Telecom,1780000,Customer,UAE,Dubai,Dubai,336 Marina Blvd,7,35,1190,25.17791,55.30522
Pinnacle Energy Dubai,Blake Brown,blake.brown@nutanix.com,Dakota Patel,dakota.patel@nutanix.com,EMEA,EMEA,Middle East,Energy,2160000,Customer,UAE,Dubai,Dubai,2018 Congress Ave,11,77,2695,25.18467,55.23213
Evergreen Finance Dubai,Emerson Bailey,emerson.bailey@nutanix.com,Logan Cruz,logan.cruz@nutanix.com,EMEA,EMEA,Middle East,Finance,1190000,Customer,UAE,Dubai,Dubai,1833 Queen St,8,40,1320,25.20329,55.26155
Catalyst Media Dubai,Sam Kim,sam.kim@nutanix.com,Blake Brown,blake.brown@nutanix.com,EMEA,EMEA,Middle East,Media,1020000,Prospect,UAE,Dubai,Dubai,619 Marina Blvd,10,80,3280,25.19208,55.26368
Apex Energy Dubai,Sam Kim,sam.kim@nutanix.com,Dakota Patel,dakota.patel@nutanix.com,EMEA,EMEA,Middle East,Energy,960000,Customer,UAE,Dubai,Dubai,1206 Harbor Blvd,6,36,648,25.17998,55.23464
Northstar Finance Dubai,Hayden Price,hayden.price@nutanix.com,Jordan Gomez,jordan.gomez@nutanix.com,EMEA,EMEA,Middle East,Finance,1340000,Customer,UAE,Dubai,Dubai,2196 Innovation Way,3,18,738,25.19528,55.30104
Bluewave Consumer Tel Aviv,Harper Foley,harper.foley@nutanix.com,Skylar Foster,skylar.foster@nutanix.com,EMEA,EMEA,Middle East,Consumer Goods,1710000,Customer,Israel,Tel Aviv,Tel Aviv,2259 Queen St,1,3,51,32.0741,34.76
Lumen Insurance Tel Aviv,Logan Cruz,logan.cruz@nutanix.com,Jordan Gomez,jordan.gomez@nutanix.com,EMEA,EMEA,Middle East,Insurance,1670000,Customer,Israel,Tel Aviv,Tel Aviv,1009 Marina Blvd,8,48,1152,32.06128,34.80331
Lumen Retail Tel Aviv,Quinn Nguyen,quinn.nguyen@nutanix.com,Taylor Turner,taylor.turner@nutanix.com,EMEA,EMEA,Middle East,Retail,1360000,Prospect,Israel,Tel Aviv,Tel Aviv,1478 Technology Dr,4,32,1344,32.08731,34.81553
Stratus Retail Tel Aviv,Drew Bennett,drew.bennett@nutanix.com,Quinn Nguyen,quinn.nguyen@nutanix.com,EMEA,EMEA,Middle East,Retail,2130000,Customer,Israel,Tel Aviv,Tel Aviv,248 High St,11,44,880,32.10741,34.80534
Atlas Telecom Tel Aviv,Skylar Foster,skylar.foster@nutanix.com,Taylor Turner,taylor.turner@nutanix.com,EMEA,EMEA,Middle East,Telecom,1320000,Customer,Israel,Tel Aviv,Tel Aviv,513 Queen St,9,63,1890,32.09344,34.78193
Apex Biotech Tel Aviv,Robin Shah,robin.shah@nutanix.com,Robin Shah,robin.shah@nutanix.com,EMEA,EMEA,Middle East,Biotech,1220000,Customer,Israel,Tel Aviv,Tel Aviv,992 Industrial Pkwy,12,84,2520,32.10615,34.79493
Evergreen Telecom Tel Aviv,Dakota Patel,dakota.patel@nutanix.com,Ryan Diaz,ryan.diaz@nutanix.com,EMEA,EMEA,Middle East,Telecom,1700000,Prospect,Israel,Tel Aviv,Tel Aviv,1756 Queen St,11,55,1100,32.0746,34.80225
Horizon Telecom Tel Aviv,Leslie Lin,leslie.lin@nutanix.com,Robin Shah,robin.shah@nutanix.com,EMEA,EMEA,Middle East,Telecom,2220000,Customer,Israel,Tel Aviv,Tel Aviv,2123 Church St,9,63,1260,32.08755,34.77456
Pinnacle Insurance Tel Aviv,Jordan Gomez,jordan.gomez@nutanix.com,Morgan White,morgan.white@nutanix.com,EMEA,EMEA,Middle East,Insurance,1220000,Customer,Israel,Tel Aviv,Tel Aviv,2162 Park Ave,7,49,1911,32.08358,34.78772
Summit Insurance Tel Aviv,Hayden Price,hayden.price@nutanix.com,Alex Flores,alex.flores@nutanix.com,EMEA,EMEA,Middle East,Insurance,800000,Prospect,Israel,Tel Aviv,Tel Aviv,2066 Broadway,1,8,168,32.09216,34.81415
Meridian Energy Tel Aviv,Dakota Patel,dakota.patel@nutanix.com,Hayden Price,hayden.price@nutanix.com,EMEA,EMEA,Middle East,Energy,2830000,Customer,Israel,Tel Aviv,Tel Aviv,913 Orchard Rd,12,48,1728,32.06447,34.77794
Orbit Education Tel Aviv,Riley Young,riley.young@nutanix.com,Reese Lee,reese.lee@nutanix.com,EMEA,EMEA,Middle East,Education,1010000,Customer,Israel,Tel Aviv,Tel Aviv,1667 Elizabeth St,1,7,266,32.09064,34.80221
Apex Energy Tel Aviv,Chris Gray,chris.gray@nutanix.com,Avery Johnson,avery.johnson@nutanix.com,EMEA,EMEA,Middle East,Energy,1860000,Customer,Israel,Tel Aviv,Tel Aviv,1610 Innovation Way,5,15,570,32.09862,34.81751
Vertex Manufacturing Tel Aviv,Riley Young,riley.young@nutanix.com,Taylor Turner,taylor.turner@nutanix.com,EMEA,EMEA,Middle East,Manufacturing,180000,Customer,Israel,Tel Aviv,Tel Aviv,795 High St,7,35,770,32.07239,34.76009
Lumen Media Tel Aviv,Morgan White,morgan.white@nutanix.com,Taylor Turner,taylor.turner@nutanix.com,EMEA,EMEA,Middle East,Media,650000,Prospect,Israel,Tel Aviv,Tel Aviv,1532 Queen St,8,64,2240,32.06675,34.80682
Vector Hospitality Johannesburg,Riley Young,riley.young@nutanix.com,Ryan Diaz,ryan.diaz@nutanix.com,EMEA,EMEA,Africa,Hospitality,870000,Prospect,South Africa,GP,Johannesburg,1500 Harbor Blvd,12,84,2268,-26.20837,28.05911
Quantum Media Johannesburg,Jordan Gomez,jordan.gomez@nutanix.com,Finley Reed,finley.reed@nutanix.com,EMEA,EMEA,Africa,Media,420000,Customer,South Africa,GP,Johannesburg,2164 State St,9,72,3096,-26.19841,28.08667
Summit Telecom Johannesburg,Alex Flores,alex.flores@nutanix.com,Leslie Lin,leslie.lin@nutanix.com,EMEA,EMEA,Africa,Telecom,1160000,Prospect,South Africa,GP,Johannesburg,1395 King St,11,88,3608,-26.19213,28.07898
Monarch Consumer Johannesburg,Leslie Lin,leslie.lin@nutanix.com,Rowan Park,rowan.park@nutanix.com,EMEA,EMEA,Africa,Consumer Goods,1210000,Prospect,South Africa,GP,Johannesburg,732 Station Rd,12,72,1440,-26.22399,28.07473
Acme Logistics Johannesburg,Taylor Turner,taylor.turner@nutanix.com,Avery Johnson,avery.johnson@nutanix.com,EMEA,EMEA,Africa,Logistics,2120000,Customer,South Africa,GP,Johannesburg,1756 Congress Ave,5,15,360,-26.1742,28.03102
Vector Logistics Johannesburg,Logan Cruz,logan.cruz@nutanix.com,Logan Cruz,logan.cruz@nutanix.com,EMEA,EMEA,Africa,Logistics,2120000,Customer,South Africa,GP,Johannesburg,520 Elizabeth St,5,20,780,-26.19325,28.03475
Atlas Biotech Johannesburg,Jordan Gomez,jordan.gomez@nutanix.com,Kendall Carter,kendall.carter@nutanix.com,EMEA,EMEA,Africa,Biotech,400000,Customer,South Africa,GP,Johannesburg,2186 Industrial Pkwy,7,56,1792,-26.20054,28.03659
Cobalt Education Johannesburg,Sawyer Hall,sawyer.hall@nutanix.com,Sawyer Hall,sawyer.hall@nutanix.com,EMEA,EMEA,Africa,Education,190000,Prospect,South Africa,GP,Johannesburg,2325 George St,12,36,1620,-26.18692,28.08149
Riverstone Manufacturing Johannesburg,Riley Young,riley.young@nutanix.com,Skylar Foster,skylar.foster@nutanix.com,EMEA,EMEA,Africa,Manufacturing,1500000,Customer,South Africa,GP,Johannesburg,995 Broadway,4,32,864,-26.20747,28.05282
Skyline Hospitality Johannesburg,Emerson Bailey,emerson.bailey@nutanix.com,Sam Kim,sam.kim@nutanix.com,EMEA,EMEA,Africa,Hospitality,1430000,Prospect,South Africa,GP,Johannesburg,426 State St,7,35,1435,-26.22039,28.04947
Northstar Telecom Johannesburg,Hayden Price,hayden.price@nutanix.com,Sam Kim,sam.kim@nutanix.com,EMEA,EMEA,Africa,Telecom,2120000,Customer,South Africa,GP,Johannesburg,1061 Church St,3,12,348,-26.20241,28.06739
Pioneer Telecom Johannesburg,Elliot Sullivan,elliot.sullivan@nutanix.com,Robin Shah,robin.shah@nutanix.com,EMEA,EMEA,Africa,Telecom,2790000,Prospect,South Africa,GP,Johannesburg,1473 Elizabeth St,7,49,1274,-26.22035,28.07212
Pinnacle Manufacturing Johannesburg,Kendall Carter,kendall.carter@nutanix.com,Cameron Morgan,cameron.morgan@nutanix.com,EMEA,EMEA,Africa,Manufacturing,1170000,Customer,South Africa,GP,Johannesburg,1896 Broadway,7,21,798,-26.21779,28.01703
Acme Education Johannesburg,Robin Shah,robin.shah@nutanix.com,Alex Flores,alex.flores@nutanix.com,EMEA,EMEA,Africa,Education,670000,Prospect,South Africa,GP,Johannesburg,1227 Technology Dr,9,27,405,-26.18171,28.01094
Summit Manufacturing Johannesburg,Sawyer Hall,sawyer.hall@nutanix.com,Rowan Park,rowan.park@nutanix.com,EMEA,EMEA,Africa,Manufacturing,2900000,Customer,South Africa,GP,Johannesburg,1190 Industrial Pkwy,9,63,2709,-26.2095,28.07294
Pinnacle Consumer Tokyo,Sam Kim,sam.kim@nutanix.com,Quinn Nguyen,quinn.nguyen@nutanix.com,APAC,APAC,Japan & Korea,Consumer Goods,2850000,Prospect,Japan,Tokyo,Tokyo,1159 Innovation Way,7,56,1400,35.68316,139.66564
Sequoia Public Tokyo,Jamie Mercer,jamie.mercer@nutanix.com,Robin Shah,robin.shah@nutanix.com,APAC,APAC,Japan & Korea,Public Sector,2000000,Customer,Japan,Tokyo,Tokyo,492 Summit Ave,11,55,935,35.69554,139.61832
Beacon Technology Tokyo,Alex Flores,alex.flores@nutanix.com,Cameron Morgan,cameron.morgan@nutanix.com,APAC,APAC,Japan & Korea,Technology,1570000,Customer,Japan,Tokyo,Tokyo,1527 Industrial Pkwy,4,32,1120,35.682,139.6491
Cobalt Public Tokyo,Finley Reed,finley.reed@nutanix.com,Cameron Morgan,cameron.morgan@nutanix.com,APAC,APAC,Japan & Korea,Public Sector,1430000,Customer,Japan,Tokyo,Tokyo,1847 Elizabeth St,10,50,750,35.69883,139.62592
Brightline Healthcare Tokyo,Drew Bennett,drew.bennett@nutanix.com,Hayden Price,hayden.price@nutanix.com,APAC,APAC,Japan & Korea,Healthcare,220000,Prospect,Japan,Tokyo,Tokyo,170 Elizabeth St,9,45,1890,35.65411,139.67565
Stratus Consumer Tokyo,Riley Young,riley.young@nutanix.com,Leslie Lin,leslie.lin@nutanix.com,APAC,APAC,Japan & Korea,Consumer Goods,1830000,Customer,Japan,Tokyo,Tokyo,646 Congress Ave,2,6,156,35.70415,139.67613
Meridian Healthcare Tokyo,Ryan Diaz,ryan.diaz@nutanix.com,Alex Flores,alex.flores@nutanix.com,APAC,APAC,Japan & Korea,Healthcare,2520000,Prospect,Japan,Tokyo,Tokyo,986 Grand Ave,3,21,735,35.67225,139.61128
Metro Energy Tokyo,Logan Cruz,logan.cruz@nutanix.com,Chris Gray,chris.gray@nutanix.com,APAC,APAC,Japan & Korea,Energy,2390000,Customer,Japan,Tokyo,Tokyo,223 Elizabeth St,4,24,744,35.68729,139.67012
Riverstone Healthcare Tokyo,Leslie Lin,leslie.lin@nutanix.com,Harper Foley,harper.foley@nutanix.com,APAC,APAC,Japan & Korea,Healthcare,570000,Prospect,Japan,Tokyo,Tokyo,743 Commerce St,9,36,1512,35.67948,139.65988
Horizon Energy Tokyo,Taylor Turner,taylor.turner@nutanix.com,Taylor Turner,taylor.turner@nutanix.com,APAC,APAC,Japan & Korea,Energy,670000,Customer,Japan,Tokyo,Tokyo,170 Innovation Way,9,63,1134,35.65055,139.67774
Cobalt Healthcare Tokyo,Rowan Park,rowan.park@nutanix.com,Riley Young,riley.young@nutanix.com,APAC,APAC,Japan & Korea,Healthcare,730000,Prospect,Japan,Tokyo,Tokyo,1530 Market St,1,8,200,35.65982,139.68365
Pulse Hospitality Tokyo,Cameron Morgan,cameron.morgan@nutanix.com,Taylor Turner,taylor.turner@nutanix.com,APAC,APAC,Japan & Korea,Hospitality,1940000,Customer,Japan,Tokyo,Tokyo,1190 Park Ave,4,24,360,35.70382,139.63875
Falcon Hospitality Tokyo,Logan Cruz,logan.cruz@nutanix.com,Hayden Price,hayden.price@nutanix.com,APAC,APAC,Japan & Korea,Hospitality,940000,Customer,Japan,Tokyo,Tokyo,2220 Congress Ave,6,24,456,35.6537,139.61532
Monarch Technology Tokyo,Jordan Gomez,jordan.gomez@nutanix.com,Taylor Turner,taylor.turner@nutanix.com,APAC,APAC,Japan & Korea,Technology,1430000,Customer,Japan,Tokyo,Tokyo,180 Elizabeth St,11,55,1265,35.68215,139.66467
Metro Manufacturing Tokyo,Kendall Carter,kendall.carter@nutanix.com,Casey Hughes,casey.hughes@nutanix.com,APAC,APAC,Japan & Korea,Manufacturing,1410000,Customer,Japan,Tokyo,Tokyo,1093 Park Ave,7,21,798,35.69378,139.6391
Trident Biotech Seoul,Drew Bennett,drew.bennett@nutanix.com,Blake Brown,blake.brown@nutanix.com,APAC,APAC,Japan & Korea,Biotech,1260000,Customer,South Korea,Seoul,Seoul,797 Peachtree St,8,24,744,37.5807,126.94593
Catalyst Technology Seoul,Rowan Park,rowan.park@nutanix.com,Sawyer Hall,sawyer.hall@nutanix.com,APAC,APAC,Japan & Korea,Technology,810000,Prospect,South Korea,Seoul,Seoul,91 Park Ave,10,30,1110,37.59227,126.96332
Lattice Biotech Seoul,Ryan Diaz,ryan.diaz@nutanix.com,Jamie Mercer,jamie.mercer@nutanix.com,APAC,APAC,Japan & Korea,Biotech,880000,Customer,South Korea,Seoul,Seoul,1051 Queen St,10,30,570,37.55081,127.00674
Metro Consumer Seoul,Logan Cruz,logan.cruz@nutanix.com,Ryan Diaz,ryan.diaz@nutanix.com,APAC,APAC,Japan & Korea,Consumer Goods,1450000,Prospect,South Korea,Seoul,Seoul,595 Station Rd,7,28,1120,37.54224,126.9605
Riverstone Insurance Seoul,Cameron Morgan,cameron.morgan@nutanix.com,Ryan Diaz,ryan.diaz@nutanix.com,APAC,APAC,Japan & Korea,Insurance,1630000,Customer,South Korea,Seoul,Seoul,248 Grand Ave,7,21,462,37.56192,126.97669
Cobalt Insurance Seoul,Jordan Gomez,jordan.gomez@nutanix.com,Casey Hughes,casey.hughes@nutanix.com,APAC,APAC,Japan & Korea,Insurance,200000,Customer,South Korea,Seoul,Seoul,1759 Congress Ave,11,66,1386,37.56431,126.95522
Cinder Consumer Seoul,Logan Cruz,logan.cruz@nutanix.com,Quinn Nguyen,quinn.nguyen@nutanix.com,APAC,APAC,Japan & Korea,Consumer Goods,470000,Customer,South Korea,Seoul,Seoul,697 Park Ave,9,36,1332,37.58679,126.96926
Bluewave Technology Seoul,Riley Young,riley.young@nutanix.com,Taylor Turner,taylor.turner@nutanix.com,APAC,APAC,Japan & Korea,Technology,650000,Customer,South Korea,Seoul,Seoul,720 Lincoln St,2,12,372,37.59645,126.94
Brightline Consumer Seoul,Rowan Park,rowan.park@nutanix.com,Sam Kim,sam.kim@nutanix.com,APAC,APAC,Japan & Korea,Consumer Goods,1920000,Prospect,South Korea,Seoul,Seoul,2033 Innovation Way,9,27,1188,37.59614,126.96746
Metro Healthcare Seoul,Dakota Patel,dakota.patel@nutanix.com,Finley Reed,finley.reed@nutanix.com,APAC,APAC,Japan & Korea,Healthcare,2240000,Customer,South Korea,Seoul,Seoul,1740 Marina Blvd,12,96,1536,37.57507,127.00017
Beacon Retail Seoul,Jamie Mercer,jamie.mercer@nutanix.com,Jamie Mercer,jamie.mercer@nutanix.com,APAC,APAC,Japan & Korea,Retail,1720000,Customer,South Korea,Seoul,Seoul,1002 Market St,9,36,648,37.57375,126.99674
Acme Education Seoul,Hayden Price,hayden.price@nutanix.com,Chris Gray,chris.gray@nutanix.com,APAC,APAC,Japan & Korea,Education,2790000,Customer,South Korea,Seoul,Seoul,163 Elizabeth St,6,48,2160,37.58351,126.96527
Delta Insurance Seoul,Quinn Nguyen,quinn.nguyen@nutanix.com,Cameron Morgan,cameron.morgan@nutanix.com,APAC,APAC,Japan & Korea,Insurance,2900000,Customer,South Korea,Seoul,Seoul,2230 High St,4,28,1008,37.57059,126.98777
Bluewave Manufacturing Singapore,Sawyer Hall,sawyer.hall@nutanix.com,Dakota Patel,dakota.patel@nutanix.com,APAC,APAC,SEA,Manufacturing,2030000,Customer,Singapore,Singapore,Singapore,104 Summit Ave,9,45,1665,1.37321,103.80817
Atlas Biotech Singapore,Drew Bennett,drew.bennett@nutanix.com,Rowan Park,rowan.park@nutanix.com,APAC,APAC,SEA,Biotech,640000,Customer,Singapore,Singapore,Singapore,2168 Broadway,9,72,2808,1.34304,103.84182
Cobalt Manufacturing Singapore,Harper Foley,harper.foley@nutanix.com,Taylor Turner,taylor.turner@nutanix.com,APAC,APAC,SEA,Manufacturing,480000,Prospect,Singapore,Singapore,Singapore,1361 Grand Ave,2,8,120,1.35575,103.82508
Metro Hospitality Singapore,Taylor Turner,taylor.turner@nutanix.com,Emerson Bailey,emerson.bailey@nutanix.com,APAC,APAC,SEA,Hospitality,2870000,Prospect,Singapore,Singapore,Singapore,722 Park Ave,8,40,1440,1.36018,103.82036
Meridian Manufacturing Singapore,Robin Shah,robin.shah@nutanix.com,Leslie Lin,leslie.lin@nutanix.com,APAC,APAC,SEA,Manufacturing,2330000,Customer,Singapore,Singapore,Singapore,310 Broadway,7,42,1638,1.34346,103.85896
Riverstone Finance Singapore,Chris Gray,chris.gray@nutanix.com,Dakota Patel,dakota.patel@nutanix.com,APAC,APAC,SEA,Finance,2480000,Prospect,Singapore,Singapore,Singapore,2099 Elizabeth St,2,16,576,1.37377,103.8473
Pioneer Technology Singapore,Sam Kim,sam.kim@nutanix.com,Reese Lee,reese.lee@nutanix.com,APAC,APAC,SEA,Technology,1820000,Customer,Singapore,Singapore,Singapore,651 State St,3,12,540,1.3682,103.80503
Vertex Logistics Singapore,Drew Bennett,drew.bennett@nutanix.com,Leslie Lin,leslie.lin@nutanix.com,APAC,APAC,SEA,Logistics,350000,Customer,Singapore,Singapore,Singapore,1761 Queen St,9,63,1890,1.37344,103.81612
Atlas Insurance Singapore,Blake Brown,blake.brown@nutanix.com,Jordan Gomez,jordan.gomez@nutanix.com,APAC,APAC,SEA,Insurance,2600000,Customer,Singapore,Singapore,Singapore,1386 Innovation Way,3,24,648,1.37623,103.81647
Quantum Public Singapore,Rowan Park,rowan.park@nutanix.com,Robin Shah,robin.shah@nutanix.com,APAC,APAC,SEA,Public Sector,2740000,Customer,Singapore,Singapore,Singapore,1608 Grand Ave,7,21,336,1.36703,103.79711
Brightline Logistics Singapore,Riley Young,riley.young@nutanix.com,Dakota Patel,dakota.patel@nutanix.com,APAC,APAC,SEA,Logistics,2380000,Customer,Singapore,Singapore,Singapore,856 Orchard Rd,1,4,112,1.36665,103.79064
Pulse Hospitality Singapore,Sawyer Hall,sawyer.hall@nutanix.com,Elliot Sullivan,elliot.sullivan@nutanix.com,APAC,APAC,SEA,Hospitality,2900000,Prospect,Singapore,Singapore,Singapore,90 Peachtree St,11,66,2838,1.32534,103.84874
Falcon Finance Singapore,Taylor Turner,taylor.turner@nutanix.com,Taylor Turner,taylor.turner@nutanix.com,APAC,APAC,SEA,Finance,2860000,Prospect,Singapore,Singapore,Singapore,971 Market St,10,50,900,1.35984,103.83788
Vector Education Singapore,Jordan Gomez,jordan.gomez@nutanix.com,Sam Kim,sam.kim@nutanix.com,APAC,APAC,SEA,Education,1670000,Customer,Singapore,Singapore,Singapore,2034 Park Ave,6,42,1638,1.32888,103.80129
Falcon Retail Singapore,Sawyer Hall,sawyer.hall@nutanix.com,Taylor Turner,taylor.turner@nutanix.com,APAC,APAC,SEA,Retail,2520000,Prospect,Singapore,Singapore,Singapore,1792 Church St,5,40,1480,1.35708,103.78086
Monarch Education Singapore,Finley Reed,finley.reed@nutanix.com,Kendall Carter,kendall.carter@nutanix.com,APAC,APAC,SEA,Education,910000,Customer,Singapore,Singapore,Singapore,1928 Summit Ave,2,12,360,1.3497,103.83645
Harbor Telecom Bangkok,Jordan Gomez,jordan.gomez@nutanix.com,Jordan Gomez,jordan.gomez@nutanix.com,APAC,APAC,SEA,Telecom,1110000,Prospect,Thailand,Bangkok,Bangkok,1895 Park Ave,3,21,546,13.77245,100.54028
Skyline Manufacturing Bangkok,Parker Ellis,parker.ellis@nutanix.com,Sawyer Hall,sawyer.hall@nutanix.com,APAC,APAC,SEA,Manufacturing,1860000,Prospect,Thailand,Bangkok,Bangkok,1900 Elizabeth St,2,10,210,13.75541,100.49798
Quantum Education Bangkok,Avery Johnson,avery.johnson@nutanix.com,Cameron Morgan,cameron.morgan@nutanix.com,APAC,APAC,SEA,Education,290000,Prospect,Thailand,Bangkok,Bangkok,1773 Commerce St,3,15,555,13.76164,100.53722
Acme Education Bangkok,Taylor Turner,taylor.turner@nutanix.com,Harper Foley,harper.foley@nutanix.com,APAC,APAC,SEA,Education,2980000,Prospect,Thailand,Bangkok,Bangkok,1795 Market St,6,48,1968,13.75869,100.48713
Brightline Finance Bangkok,Reese Lee,reese.lee@nutanix.com,Parker Ellis,parker.ellis@nutanix.com,APAC,APAC,SEA,Finance,1040000,Prospect,Thailand,Bangkok,Bangkok,549 Congress Ave,10,70,1190,13.7267,100.46723
Nimbus Education Bangkok,Avery Johnson,avery.johnson@nutanix.com,Cameron Morgan,cameron.morgan@nutanix.com,APAC,APAC,SEA,Education,1270000,Customer,Thailand,Bangkok,Bangkok,2122 Congress Ave,10,60,1380,13.76982,100.48
Apex Media Bangkok,Blake Brown,blake.brown@nutanix.com,Sam Kim,sam.kim@nutanix.com,APAC,APAC,SEA,Media,740000,Customer,Thailand,Bangkok,Bangkok,1683 Commerce St,12,60,1920,13.74692,100.46949
Cardinal Media Bangkok,Kendall Carter,kendall.carter@nutanix.com,Sam Kim,sam.kim@nutanix.com,APAC,APAC,SEA,Media,1130000,Customer,Thailand,Bangkok,Bangkok,2033 High St,11,77,3311,13.75969,100.52055
Cobalt Retail Bangkok,Riley Young,riley.young@nutanix.com,Emerson Bailey,emerson.bailey@nutanix.com,APAC,APAC,SEA,Retail,2390000,Prospect,Thailand,Bangkok,Bangkok,1950 Broadway,3,15,450,13.76316,100.5357
Ironclad Consumer Bangkok,Morgan White,morgan.white@nutanix.com,Morgan White,morgan.white@nutanix.com,APAC,APAC,SEA,Consumer Goods,2110000,Customer,Thailand,Bangkok,Bangkok,1299 Church St,1,6,162,13.75242,100.53637
Delta Healthcare Bangkok,Logan Cruz,logan.cruz@nutanix.com,Drew Bennett,drew.bennett@nutanix.com,APAC,APAC,SEA,Healthcare,890000,Customer,Thailand,Bangkok,Bangkok,911 Church St,7,35,525,13.75107,100.48795
Granite Hospitality Jakarta,Drew Bennett,drew.bennett@nutanix.com,Chris Gray,chris.gray@nutanix.com,APAC,APAC,SEA,Hospitality,1910000,Customer,Indonesia,Jakarta,Jakarta,64 Congress Ave,6,24,672,-6.19055,106.88325
Horizon Media Jakarta,Jamie Mercer,jamie.mercer@nutanix.com,Morgan White,morgan.white@nutanix.com,APAC,APAC,SEA,Media,230000,Prospect,Indonesia,Jakarta,Jakarta,1387 Peachtree St,12,96,2496,-6.19481,106.87625
Bluewave Public Jakarta,Reese Lee,reese.lee@nutanix.com,Reese Lee,reese.lee@nutanix.com,APAC,APAC,SEA,Public Sector,300000,Prospect,Indonesia,Jakarta,Jakarta,750 Broadway,8,56,2240,-6.17915,106.87657
Onyx Consumer Jakarta,Quinn Nguyen,quinn.nguyen@nutanix.com,Ryan Diaz,ryan.diaz@nutanix.com,APAC,APAC,SEA,Consumer Goods,1550000,Prospect,Indonesia,Jakarta,Jakarta,364 Peachtree St,5,40,1400,-6.21287,106.82696
Harbor Education Jakarta,Blake Brown,blake.brown@nutanix.com,Sam Kim,sam.kim@nutanix.com,APAC,APAC,SEA,Education,2960000,Prospect,Indonesia,Jakarta,Jakarta,990 Park Ave,3,12,468,-6.23209,106.84818
Metro Biotech Jakarta,Chris Gray,chris.gray@nutanix.com,Finley Reed,finley.reed@nutanix.com,APAC,APAC,SEA,Biotech,2380000,Customer,Indonesia,Jakarta,Jakarta,376 High St,4,28,672,-6.21276,106.86553
Delta Biotech Jakarta,Elliot Sullivan,elliot.sullivan@nutanix.com,Quinn Nguyen,quinn.nguyen@nutanix.com,APAC,APAC,SEA,Biotech,1510000,Prospect,Indonesia,Jakarta,Jakarta,1366 Broadway,1,5,170,-6.1964,106.85674
Pinnacle Media Jakarta,Blake Brown,blake.brown@nutanix.com,Emerson Bailey,emerson.bailey@nutanix.com,APAC,APAC,SEA,Media,2650000,Customer,Indonesia,Jakarta,Jakarta,2259 Main St,4,28,672,-6.18608,106.87928
Catalyst Energy Jakarta,Skylar Foster,skylar.foster@nutanix.com,Drew Bennett,drew.bennett@nutanix.com,APAC,APAC,SEA,Energy,410000,Customer,Indonesia,Jakarta,Jakarta,999 Church St,5,25,425,-6.2372,106.87268
Vertex Technology Jakarta,Logan Cruz,logan.cruz@nutanix.com,Emerson Bailey,emerson.bailey@nutanix.com,APAC,APAC,SEA,Technology,1810000,Prospect,Indonesia,Jakarta,Jakarta,823 Orchard Rd,5,25,925,-6.22543,106.88016
Catalyst Media Sydney,Sam Kim,sam.kim@nutanix.com,Skylar Foster,skylar.foster@nutanix.com,APAC,APAC,ANZ,Media,2090000,Prospect,Australia,NSW,Sydney,2299 Station Rd,6,36,1368,-33.86683,151.18689
Cobalt Logistics Sydney,Morgan White,morgan.white@nutanix.com,Taylor Turner,taylor.turner@nutanix.com,APAC,APAC,ANZ,Logistics,1250000,Customer,Australia,NSW,Sydney,1721 Grand Ave,10,50,1450,-33.84511,151.20555
Horizon Finance Sydney,Kendall Carter,kendall.carter@nutanix.com,Elliot Sullivan,elliot.sullivan@nutanix.com,APAC,APAC,ANZ,Finance,1880000,Prospect,Australia,NSW,Sydney,928 Marina Blvd,9,45,1215,-33.83883,151.19815
Stratus Telecom Sydney,Casey Hughes,casey.hughes@nutanix.com,Skylar Foster,skylar.foster@nutanix.com,APAC,APAC,ANZ,Telecom,2450000,Customer,Australia,NSW,Sydney,1071 Station Rd,5,30,450,-33.89214,151.23961
Brightline Media Sydney,Skylar Foster,skylar.foster@nutanix.com,Parker Ellis,parker.ellis@nutanix.com,APAC,APAC,ANZ,Media,230000,Customer,Australia,NSW,Sydney,1974 Lincoln St,9,27,1026,-33.88632,151.17826
Cobalt Telecom Sydney,Logan Cruz,logan.cruz@nutanix.com,Cameron Morgan,cameron.morgan@nutanix.com,APAC,APAC,ANZ,Telecom,1030000,Customer,Australia,NSW,Sydney,2087 Queen St,6,36,828,-33.86986,151.22356
Lumen Education Sydney,Rowan Park,rowan.park@nutanix.com,Chris Gray,chris.gray@nutanix.com,APAC,APAC,ANZ,Education,1650000,Customer,Australia,NSW,Sydney,1486 Technology Dr,3,18,432,-33.87562,151.18587
Northstar Manufacturing Sydney,Taylor Turner,taylor.turner@nutanix.com,Kendall Carter,kendall.carter@nutanix.com,APAC,APAC,ANZ,Manufacturing,2160000,Customer,Australia,NSW,Sydney,465 Church St,1,3,54,-33.85453,151.18264
Sequoia Hospitality Sydney,Alex Flores,alex.flores@nutanix.com,Avery Johnson,avery.johnson@nutanix.com,APAC,APAC,ANZ,Hospitality,1590000,Prospect,Australia,NSW,Sydney,443 State St,11,33,1320,-33.88476,151.20076
Stratus Consumer Sydney,Finley Reed,finley.reed@nutanix.com,Chris Gray,chris.gray@nutanix.com,APAC,APAC,ANZ,Consumer Goods,2030000,Prospect,Australia,NSW,Sydney,1934 Queen St,11,66,2640,-33.87376,151.17022
Pioneer Energy Sydney,Sam Kim,sam.kim@nutanix.com,Leslie Lin,leslie.lin@nutanix.com,APAC,APAC,ANZ,Energy,910000,Customer,Australia,NSW,Sydney,1551 Harbor Blvd,1,5,185,-33.8921,151.17862
Aurora Telecom Sydney,Taylor Turner,taylor.turner@nutanix.com,Casey Hughes,casey.hughes@nutanix.com,APAC,APAC,ANZ,Telecom,1430000,Customer,Australia,NSW,Sydney,2236 Market St,8,32,960,-33.8486,151.22029
Vector Manufacturing Melbourne,Dakota Patel,dakota.patel@nutanix.com,Harper Foley,harper.foley@nutanix.com,APAC,APAC,ANZ,Manufacturing,1390000,Customer,Australia,VIC,Melbourne,198 Marina Blvd,11,77,3465,-37.81877,144.93334
Meridian Telecom Melbourne,Skylar Foster,skylar.foster@nutanix.com,Parker Ellis,parker.ellis@nutanix.com,APAC,APAC,ANZ,Telecom,2790000,Customer,Australia,VIC,Melbourne,1454 Broadway,7,21,378,-37.81335,144.99408
Cardinal Healthcare Melbourne,Taylor Turner,taylor.turner@nutanix.com,Taylor Turner,taylor.turner@nutanix.com,APAC,APAC,ANZ,Healthcare,1780000,Prospect,Australia,VIC,Melbourne,371 Innovation Way,6,42,1428,-37.80935,144.98105
Northstar Telecom Melbourne,Drew Bennett,drew.bennett@nutanix.com,Riley Young,riley.young@nutanix.com,APAC,APAC,ANZ,Telecom,1690000,Customer,Australia,VIC,Melbourne,1589 Summit Ave,2,8,304,-37.78891,144.93807
Tideway Consumer Melbourne,Sawyer Hall,sawyer.hall@nutanix.com,Jordan Gomez,jordan.gomez@nutanix.com,APAC,APAC,ANZ,Consumer Goods,2710000,Prospect,Australia,VIC,Melbourne,2003 Harbor Blvd,11,33,495,-37.81023,144.9258
Meridian Logistics Melbourne,Chris Gray,chris.gray@nutanix.com,Sawyer Hall,sawyer.hall@nutanix.com,APAC,APAC,ANZ,Logistics,1090000,Prospect,Australia,VIC,Melbourne,1571 Innovation Way,12,36,936,-37.8402,144.9407
Falcon Healthcare Melbourne,Riley Young,riley.young@nutanix.com,Skylar Foster,skylar.foster@nutanix.com,APAC,APAC,ANZ,Healthcare,1610000,Customer,Australia,VIC,Melbourne,1175 Grand Ave,11,55,1210,-37.84242,144.94652
Atlas Retail Melbourne,Jordan Gomez,jordan.gomez@nutanix.com,Hayden Price,hayden.price@nutanix.com,APAC,APAC,ANZ,Retail,110000,Prospect,Australia,VIC,Melbourne,641 High St,2,12,276,-37.80754,144.94994
Vertex Retail Melbourne,Drew Bennett,drew.bennett@nutanix.com,Jamie Mercer,jamie.mercer@nutanix.com,APAC,APAC,ANZ,Retail,2110000,Customer,Australia,VIC,Melbourne,1900 Church St,9,72,1296,-37.83891,145.00264
Cobalt Energy Melbourne,Ryan Diaz,ryan.diaz@nutanix.com,Taylor Turner,taylor.turner@nutanix.com,APAC,APAC,ANZ,Energy,860000,Customer,Australia,VIC,Melbourne,2131 Park Ave,11,44,1716,-37.80997,144.95548
Monarch Media Melbourne,Riley Young,riley.young@nutanix.com,Skylar Foster,skylar.foster@nutanix.com,APAC,APAC,ANZ,Media,1410000,Prospect,Australia,VIC,Melbourne,1040 Harbor Blvd,6,24,672,-37.78481,144.96259
Pioneer Education Melbourne,Harper Foley,harper.foley@nutanix.com,Sam Kim,sam.kim@nutanix.com,APAC,APAC,ANZ,Education,1810000,Customer,Australia,VIC,Melbourne,686 Technology Dr,9,45,900,-37.79397,144.99322
Pioneer Media Melbourne,Avery Johnson,avery.johnson@nutanix.com,Riley Young,riley.young@nutanix.com,APAC,APAC,ANZ,Media,890000,Prospect,Australia,VIC,Melbourne,2288 Industrial Pkwy,11,66,2574,-37.83911,144.95623
Cobalt Public Melbourne,Quinn Nguyen,quinn.nguyen@nutanix.com,Chris Gray,chris.gray@nutanix.com,APAC,APAC,ANZ,Public Sector,1420000,Customer,Australia,VIC,Melbourne,287 Main St,7,21,588,-37.83611,144.98967
Pinnacle Insurance Melbourne,Elliot Sullivan,elliot.sullivan@nutanix.com,Morgan White,morgan.white@nutanix.com,APAC,APAC,ANZ,Insurance,2970000,Customer,Australia,VIC,Melbourne,384 Harbor Blvd,6,18,702,-37.79793,144.95976
Bluewave Logistics Auckland,Finley Reed,finley.reed@nutanix.com,Ryan Diaz,ryan.diaz@nutanix.com,APAC,APAC,ANZ,Logistics,2970000,Prospect,New Zealand,Auckland,Auckland,1652 Orchard Rd,1,3,135,-36.85298,174.7814
Quantum Consumer Auckland,Harper Foley,harper.foley@nutanix.com,Sam Kim,sam.kim@nutanix.com,APAC,APAC,ANZ,Consumer Goods,1310000,Customer,New Zealand,Auckland,Auckland,97 Park Ave,11,44,1496,-36.85233,174.74234
Summit Healthcare Auckland,Rowan Park,rowan.park@nutanix.com,Skylar Foster,skylar.foster@nutanix.com,APAC,APAC,ANZ,Healthcare,760000,Customer,New Zealand,Auckland,Auckland,352 Peachtree St,2,12,252,-36.83173,174.76204
Aurora Public Auckland,Logan Cruz,logan.cruz@nutanix.com,Chris Gray,chris.gray@nutanix.com,APAC,APAC,ANZ,Public Sector,2130000,Prospect,New Zealand,Auckland,Auckland,1897 Grand Ave,10,30,750,-36.87011,174.7819
Stratus Logistics Auckland,Reese Lee,reese.lee@nutanix.com,Cameron Morgan,cameron.morgan@nutanix.com,APAC,APAC,ANZ,Logistics,2820000,Prospect,New Zealand,Auckland,Auckland,309 Innovation Way,3,18,342,-36.82353,174.76799
Skyline Consumer Auckland,Riley Young,riley.young@nutanix.com,Chris Gray,chris.gray@nutanix.com,APAC,APAC,ANZ,Consumer Goods,2750000,Customer,New Zealand,Auckland,Auckland,1411 Elizabeth St,3,18,486,-36.84692,174.80288
Catalyst Biotech Auckland,Emerson Bailey,emerson.bailey@nutanix.com,Kendall Carter,kendall.carter@nutanix.com,APAC,APAC,ANZ,Biotech,2360000,Prospect,New Zealand,Auckland,Auckland,458 High St,1,6,234,-36.82898,174.73706
Evergreen Hospitality Auckland,Ryan Diaz,ryan.diaz@nutanix.com,Kendall Carter,kendall.carter@nutanix.com,APAC,APAC,ANZ,Hospitality,1570000,Customer,New Zealand,Auckland,Auckland,978 Orchard Rd,9,63,1953,-36.84559,174.74871
Acme Finance Auckland,Drew Bennett,drew.bennett@nutanix.com,Cameron Morgan,cameron.morgan@nutanix.com,APAC,APAC,ANZ,Finance,2700000,Customer,New Zealand,Auckland,Auckland,2193 George St,11,88,1496,-36.86878,174.77393
Cobalt Technology Auckland,Jordan Gomez,jordan.gomez@nutanix.com,Drew Bennett,drew.bennett@nutanix.com,APAC,APAC,ANZ,Technology,890000,Customer,New Zealand,Auckland,Auckland,4 Innovation Way,11,55,2145,-36.85549,174.79458
Brightline Media Auckland,Blake Brown,blake.brown@nutanix.com,Parker Ellis,parker.ellis@nutanix.com,APAC,APAC,ANZ,Media,2340000,Customer,New Zealand,Auckland,Auckland,256 Main St,9,45,1620,-36.82127,174.73163
Orbit Retail Auckland,Emerson Bailey,emerson.bailey@nutanix.com,Sam Kim,sam.kim@nutanix.com,APAC,APAC,ANZ,Retail,1020000,Prospect,New Zealand,Auckland,Auckland,395 Commerce St,7,28,504,-36.819,174.75046
Acme Media Auckland,Casey Hughes,casey.hughes@nutanix.com,Drew Bennett,drew.bennett@nutanix.com,APAC,APAC,ANZ,Media,160000,Customer,New Zealand,Auckland,Auckland,1702 Church St,6,48,1536,-36.86591,174.72431
Vertex Energy Auckland,Logan Cruz,logan.cruz@nutanix.com,Casey Hughes,casey.hughes@nutanix.com,APAC,APAC,ANZ,Energy,630000,Prospect,New Zealand,Auckland,Auckland,1777 Congress Ave,8,32,1408,-36.83881,174.80272
Orbit Education Mumbai,Elliot Sullivan,elliot.sullivan@nutanix.com,Ryan Diaz,ryan.diaz@nutanix.com,APAC,APAC,India,Education,980000,Customer,India,MH,Mumbai,1519 Commerce St,7,49,784,19.08232,72.85159
Lattice Media Mumbai,Leslie Lin,leslie.lin@nutanix.com,Cameron Morgan,cameron.morgan@nutanix.com,APAC,APAC,India,Media,2500000,Prospect,India,MH,Mumbai,1575 Peachtree St,12,72,2376,19.06083,72.84286
Atlas Insurance Mumbai,Jamie Mercer,jamie.mercer@nutanix.com,Drew Bennett,drew.bennett@nutanix.com,APAC,APAC,India,Insurance,1620000,Customer,India,MH,Mumbai,925 Elizabeth St,5,15,540,19.1044,72.85202
Sequoia Healthcare Mumbai,Harper Foley,harper.foley@nutanix.com,Robin Shah,robin.shah@nutanix.com,APAC,APAC,India,Healthcare,800000,Customer,India,MH,Mumbai,120 Harbor Blvd,10,60,1440,19.09048,72.8804
Harbor Consumer Mumbai,Finley Reed,finley.reed@nutanix.com,Dakota Patel,dakota.patel@nutanix.com,APAC,APAC,India,Consumer Goods,2390000,Customer,India,MH,Mumbai,1681 Harbor Blvd,6,18,288,19.06169,72.87511
Ironclad Education Mumbai,Harper Foley,harper.foley@nutanix.com,Hayden Price,hayden.price@nutanix.com,APAC,APAC,India,Education,540000,Prospect,India,MH,Mumbai,725 Grand Ave,5,15,645,19.05026,72.86858
Monarch Biotech Mumbai,Reese Lee,reese.lee@nutanix.com,Blake Brown,blake.brown@nutanix.com,APAC,APAC,India,Biotech,1090000,Customer,India,MH,Mumbai,633 Innovation Way,10,40,1720,19.1048,72.89091
Sequoia Finance Mumbai,Casey Hughes,casey.hughes@nutanix.com,Skylar Foster,skylar.foster@nutanix.com,APAC,APAC,India,Finance,100000,Prospect,India,MH,Mumbai,757 Broadway,2,16,640,19.07805,72.9013
Pulse Hospitality Mumbai,Dakota Patel,dakota.patel@nutanix.com,Logan Cruz,logan.cruz@nutanix.com,APAC,APAC,India,Hospitality,1130000,Customer,India,MH,Mumbai,994 Main St,6,24,936,19.09445,72.88429
Northstar Consumer Bengaluru,Elliot Sullivan,elliot.sullivan@nutanix.com,Kendall Carter,kendall.carter@nutanix.com,APAC,APAC,India,Consumer Goods,880000,Customer,India,KA,Bengaluru,1326 High St,2,16,368,12.97042,77.61949
Aurora Logistics Bengaluru,Logan Cruz,logan.cruz@nutanix.com,Chris Gray,chris.gray@nutanix.com,APAC,APAC,India,Logistics,190000,Customer,India,KA,Bengaluru,425 Peachtree St,5,20,480,12.96251,77.5856
Catalyst Public Bengaluru,Taylor Turner,taylor.turner@nutanix.com,Dakota Patel,dakota.patel@nutanix.com,APAC,APAC,India,Public Sector,2220000,Customer,India,KA,Bengaluru,378 George St,6,42,1008,12.96063,77.63198
Cardinal Energy Bengaluru,Jordan Gomez,jordan.gomez@nutanix.com,Sam Kim,sam.kim@nutanix.com,APAC,APAC,India,Energy,2760000,Customer,India,KA,Bengaluru,1766 Elizabeth St,12,96,2880,12.98898,77.56518
Meridian Finance Bengaluru,Finley Reed,finley.reed@nutanix.com,Finley Reed,finley.reed@nutanix.com,APAC,APAC,India,Finance,630000,Customer,India,KA,Bengaluru,612 Market St,2,12,336,12.94471,77.5876
Nimbus Healthcare Bengaluru,Reese Lee,reese.lee@nutanix.com,Elliot Sullivan,elliot.sullivan@nutanix.com,APAC,APAC,India,Healthcare,240000,Prospect,India,KA,Bengaluru,1767 Grand Ave,12,48,1248,12.97567,77.57188
Orbit Energy Bengaluru,Sawyer Hall,sawyer.hall@nutanix.com,Avery Johnson,avery.johnson@nutanix.com,APAC,APAC,India,Energy,2790000,Customer,India,KA,Bengaluru,1295 Station Rd,9,54,2376,12.98308,77.63377
Stratus Finance Bengaluru,Emerson Bailey,emerson.bailey@nutanix.com,Logan Cruz,logan.cruz@nutanix.com,APAC,APAC,India,Finance,2010000,Customer,India,KA,Bengaluru,1271 Station Rd,8,24,1056,12.96861,77.62222
Tideway Public Bengaluru,Skylar Foster,skylar.foster@nutanix.com,Skylar Foster,skylar.foster@nutanix.com,APAC,APAC,India,Public Sector,330000,Customer,India,KA,Bengaluru,928 Church St,12,36,864,12.94759,77.62377
Brightline Retail Bengaluru,Sam Kim,sam.kim@nutanix.com,Dakota Patel,dakota.patel@nutanix.com,APAC,APAC,India,Retail,1290000,Prospect,India,KA,Bengaluru,546 Congress Ave,6,42,1176,12.9721,77.6072
Northstar Manufacturing Shanghai,Logan Cruz,logan.cruz@nutanix.com,Logan Cruz,logan.cruz@nutanix.com,APAC,APAC,Greater China,Manufacturing,1320000,Prospect,China,Shanghai,Shanghai,166 Elizabeth St,2,14,308,31.22178,121.45543
Tideway Healthcare Shanghai,Cameron Morgan,cameron.morgan@nutanix.com,Cameron Morgan,cameron.morgan@nutanix.com,APAC,APAC,Greater China,Healthcare,2290000,Prospect,China,Shanghai,Shanghai,2074 Innovation Way,8,24,456,31.21065,121.46787
Trident Insurance Shanghai,Casey Hughes,casey.hughes@nutanix.com,Sam Kim,sam.kim@nutanix.com,APAC,APAC,Greater China,Insurance,2480000,Customer,China,Shanghai,Shanghai,67 Market St,3,15,360,31.20796,121.45174
Horizon Consumer Shanghai,Emerson Bailey,emerson.bailey@nutanix.com,Blake Brown,blake.brown@nutanix.com,APAC,APAC,Greater China,Consumer Goods,2330000,Customer,China,Shanghai,Shanghai,2207 Innovation Way,1,4,168,31.21005,121.50526
Northstar Telecom Shanghai,Finley Reed,finley.reed@nutanix.com,Parker Ellis,parker.ellis@nutanix.com,APAC,APAC,Greater China,Telecom,1710000,Prospect,China,Shanghai,Shanghai,1724 Congress Ave,4,28,1064,31.22926,121.49883
Quantum Healthcare Shanghai,Drew Bennett,drew.bennett@nutanix.com,Alex Flores,alex.flores@nutanix.com,APAC,APAC,Greater China,Healthcare,1720000,Customer,China,Shanghai,Shanghai,1942 Orchard Rd,5,25,600,31.20746,121.46384
Lumen Media Shanghai,Casey Hughes,casey.hughes@nutanix.com,Leslie Lin,leslie.lin@nutanix.com,APAC,APAC,Greater China,Media,1240000,Customer,China,Shanghai,Shanghai,441 Broadway,10,40,760,31.21684,121.46961
Bluewave Manufacturing Shanghai,Jamie Mercer,jamie.mercer@nutanix.com,Ryan Diaz,ryan.diaz@nutanix.com,APAC,APAC,Greater China,Manufacturing,2590000,Customer,China,Shanghai,Shanghai,1903 Main St,6,36,1008,31.2015,121.47376
Catalyst Media Shanghai,Logan Cruz,logan.cruz@nutanix.com,Avery Johnson,avery.johnson@nutanix.com,APAC,APAC,Greater China,Media,2740000,Prospect,China,Shanghai,Shanghai,2093 King St,2,6,204,31.2413,121.47538
Meridian Public Shanghai,Finley Reed,finley.reed@nutanix.com,Cameron Morgan,cameron.morgan@nutanix.com,APAC,APAC,Greater China,Public Sector,210000,Customer,China,Shanghai,Shanghai,2229 Orchard Rd,1,4,100,31.23749,121.51155
Cardinal Consumer Shanghai,Kendall Carter,kendall.carter@nutanix.com,Jamie Mercer,jamie.mercer@nutanix.com,APAC,APAC,Greater China,Consumer Goods,620000,Customer,China,Shanghai,Shanghai,1055 Innovation Way,6,24,648,31.24853,121.50511
Cardinal Education Shanghai,Emerson Bailey,emerson.bailey@nutanix.com,Sam Kim,sam.kim@nutanix.com,APAC,APAC,Greater China,Education,2980000,Customer,China,Shanghai,Shanghai,1146 Park Ave,4,24,960,31.21102,121.49982
Pinnacle Healthcare Shanghai,Harper Foley,harper.foley@nutanix.com,Kendall Carter,kendall.carter@nutanix.com,APAC,APAC,Greater China,Healthcare,2570000,Prospect,China,Shanghai,Shanghai,882 George St,1,8,344,31.20345,121.45109
Skyline Media Shanghai,Quinn Nguyen,quinn.nguyen@nutanix.com,Jamie Mercer,jamie.mercer@nutanix.com,APAC,APAC,Greater China,Media,1170000,Customer,China,Shanghai,Shanghai,1095 Industrial Pkwy,4,16,400,31.20663,121.49193
Pinnacle Hospitality Shanghai,Hayden Price,hayden.price@nutanix.com,Casey Hughes,casey.hughes@nutanix.com,APAC,APAC,Greater China,Hospitality,2140000,Prospect,China,Shanghai,Shanghai,1504 Orchard Rd,2,10,430,31.23618,121.46763
Pioneer Energy Hong Kong,Elliot Sullivan,elliot.sullivan@nutanix.com,Drew Bennett,drew.bennett@nutanix.com,APAC,APAC,Greater China,Energy,650000,Prospect,Hong Kong,HK,Hong Kong,2117 George St,1,4,156,22.33758,114.13103
Delta Logistics Hong Kong,Logan Cruz,logan.cruz@nutanix.com,Dakota Patel,dakota.patel@nutanix.com,APAC,APAC,Greater China,Logistics,850000,Customer,Hong Kong,HK,Hong Kong,152 Innovation Way,5,40,720,22.31093,114.17129
Orbit Media Hong Kong,Kendall Carter,kendall.carter@nutanix.com,Jordan Gomez,jordan.gomez@nutanix.com,APAC,APAC,Greater China,Media,470000,Customer,Hong Kong,HK,Hong Kong,476 Broadway,7,35,1365,22.34363,114.13404
Ironclad Finance Hong Kong,Finley Reed,finley.reed@nutanix.com,Emerson Bailey,emerson.bailey@nutanix.com,APAC,APAC,Greater China,Finance,700000,Customer,Hong Kong,HK,Hong Kong,265 Commerce St,11,66,1716,22.31399,114.20295
Monarch Healthcare Hong Kong,Logan Cruz,logan.cruz@nutanix.com,Elliot Sullivan,elliot.sullivan@nutanix.com,APAC,APAC,Greater China,Healthcare,2710000,Prospect,Hong Kong,HK,Hong Kong,1518 Technology Dr,4,24,744,22.30016,114.20442
Evergreen Media Hong Kong,Chris Gray,chris.gray@nutanix.com,Alex Flores,alex.flores@nutanix.com,APAC,APAC,Greater China,Media,2220000,Prospect,Hong Kong,HK,Hong Kong,147 Broadway,7,21,651,22.30875,114.1795
Apex Telecom Hong Kong,Quinn Nguyen,quinn.nguyen@nutanix.com,Reese Lee,reese.lee@nutanix.com,APAC,APAC,Greater China,Telecom,1560000,Prospect,Hong Kong,HK,Hong Kong,1077 Industrial Pkwy,2,16,672,22.31143,114.19778
Vector Technology Hong Kong,Cameron Morgan,cameron.morgan@nutanix.com,Ryan Diaz,ryan.diaz@nutanix.com,APAC,APAC,Greater China,Technology,2340000,Customer,Hong Kong,HK,Hong Kong,150 Orchard Rd,6,24,648,22.32469,114.19286
Falcon Logistics Hong Kong,Jordan Gomez,jordan.gomez@nutanix.com,Reese Lee,reese.lee@nutanix.com,APAC,APAC,Greater China,Logistics,2390000,Prospect,Hong Kong,HK,Hong Kong,2333 Broadway,2,6,102,22.32487,114.1351
Aurora Insurance Hong Kong,Cameron Morgan,cameron.morgan@nutanix.com,Casey Hughes,casey.hughes@nutanix.com,APAC,APAC,Greater China,Insurance,1470000,Prospect,Hong Kong,HK,Hong Kong,1936 Queen St,1,3,69,22.31116,114.20694
